,filename,time_ms
0,dlmc/rn50/random_pruning/0.9/bottleneck_3_block_group3_5_1.mtx,1e-06
1,dlmc/rn50/random_pruning/0.9/bottleneck_2_block_group3_3_1.mtx,1e-06
2,dlmc/rn50/random_pruning/0.9/bottleneck_1_block_group_projection_block_group3.mtx,1e-06
3,dlmc/rn50/random_pruning/0.9/bottleneck_1_block_group_projection_block_group1.mtx,1e-06
4,dlmc/rn50/random_pruning/0.9/bottleneck_projection_block_group_projection_block_group4.mtx,1e-06
5,dlmc/rn50/random_pruning/0.9/bottleneck_1_block_group1_1_1.mtx,1e-06
6,dlmc/rn50/random_pruning/0.9/bottleneck_2_block_group4_2_1.mtx,1e-06
7,dlmc/rn50/random_pruning/0.9/bottleneck_projection_block_group_projection_block_group1.mtx,1e-06
8,dlmc/rn50/random_pruning/0.9/initial_conv.mtx,1e-06
9,dlmc/rn50/random_pruning/0.9/final_dense.mtx,1e-06
10,dlmc/rn50/random_pruning/0.9/bottleneck_2_block_group2_1_1.mtx,1e-06
11,dlmc/rn50/random_pruning/0.9/bottleneck_1_block_group_projection_block_group4.mtx,1e-06
12,dlmc/rn50/random_pruning/0.9/bottleneck_1_block_group2_2_1.mtx,1e-06
13,dlmc/rn50/random_pruning/0.9/bottleneck_3_block_group3_3_1.mtx,1e-06
14,dlmc/rn50/random_pruning/0.9/bottleneck_3_block_group_projection_block_group3.mtx,1e-06
15,dlmc/rn50/random_pruning/0.9/bottleneck_projection_block_group_projection_block_group3.mtx,1e-06
16,dlmc/rn50/random_pruning/0.9/bottleneck_2_block_group2_3_1.mtx,1e-06
17,dlmc/rn50/random_pruning/0.9/bottleneck_1_block_group4_1_1.mtx,1e-06
18,dlmc/rn50/random_pruning/0.9/bottleneck_1_block_group3_3_1.mtx,1e-06
19,dlmc/rn50/random_pruning/0.9/bottleneck_projection_block_group_projection_block_group2.mtx,1e-06
20,dlmc/rn50/random_pruning/0.9/bottleneck_2_block_group_projection_block_group4.mtx,1e-06
21,dlmc/rn50/random_pruning/0.9/bottleneck_3_block_group_projection_block_group4.mtx,1e-06
22,dlmc/rn50/random_pruning/0.9/bottleneck_3_block_group3_4_1.mtx,1e-06
23,dlmc/rn50/random_pruning/0.9/bottleneck_2_block_group4_1_1.mtx,1e-06
24,dlmc/rn50/random_pruning/0.9/bottleneck_3_block_group2_1_1.mtx,1e-06
25,dlmc/rn50/random_pruning/0.9/bottleneck_2_block_group3_2_1.mtx,1e-06
26,dlmc/rn50/random_pruning/0.9/bottleneck_2_block_group1_1_1.mtx,1e-06
27,dlmc/rn50/random_pruning/0.9/bottleneck_1_block_group3_2_1.mtx,1e-06
28,dlmc/rn50/random_pruning/0.9/bottleneck_1_block_group1_2_1.mtx,1e-06
29,dlmc/rn50/random_pruning/0.9/bottleneck_2_block_group3_5_1.mtx,1e-06
30,dlmc/rn50/random_pruning/0.9/bottleneck_3_block_group3_1_1.mtx,1e-06
31,dlmc/rn50/random_pruning/0.9/bottleneck_2_block_group1_2_1.mtx,1e-06
32,dlmc/rn50/random_pruning/0.9/bottleneck_2_block_group2_2_1.mtx,1e-06
33,dlmc/rn50/random_pruning/0.9/bottleneck_2_block_group3_1_1.mtx,1e-06
34,dlmc/rn50/random_pruning/0.9/bottleneck_1_block_group2_1_1.mtx,1e-06
35,dlmc/rn50/random_pruning/0.9/bottleneck_3_block_group1_2_1.mtx,1e-06
36,dlmc/rn50/random_pruning/0.9/bottleneck_1_block_group_projection_block_group2.mtx,1e-06
37,dlmc/rn50/random_pruning/0.9/bottleneck_3_block_group2_2_1.mtx,1e-06
38,dlmc/rn50/random_pruning/0.9/bottleneck_1_block_group3_4_1.mtx,1e-06
39,dlmc/rn50/random_pruning/0.9/bottleneck_3_block_group2_3_1.mtx,1e-06
40,dlmc/rn50/random_pruning/0.9/bottleneck_2_block_group3_4_1.mtx,1e-06
41,dlmc/rn50/random_pruning/0.9/bottleneck_2_block_group_projection_block_group2.mtx,1e-06
42,dlmc/rn50/random_pruning/0.9/bottleneck_1_block_group4_2_1.mtx,1e-06
43,dlmc/rn50/random_pruning/0.9/bottleneck_1_block_group3_1_1.mtx,1e-06
44,dlmc/rn50/random_pruning/0.9/bottleneck_3_block_group3_2_1.mtx,1e-06
45,dlmc/rn50/random_pruning/0.9/bottleneck_1_block_group2_3_1.mtx,1e-06
46,dlmc/rn50/random_pruning/0.9/bottleneck_2_block_group_projection_block_group1.mtx,1e-06
47,dlmc/rn50/random_pruning/0.9/bottleneck_3_block_group1_1_1.mtx,1e-06
48,dlmc/rn50/random_pruning/0.9/bottleneck_3_block_group4_2_1.mtx,1e-06
49,dlmc/rn50/random_pruning/0.9/bottleneck_3_block_group4_1_1.mtx,1e-06
50,dlmc/rn50/random_pruning/0.9/bottleneck_2_block_group_projection_block_group3.mtx,1e-06
51,dlmc/rn50/random_pruning/0.9/bottleneck_3_block_group_projection_block_group1.mtx,1e-06
52,dlmc/rn50/random_pruning/0.9/bottleneck_3_block_group_projection_block_group2.mtx,1e-06
53,dlmc/rn50/random_pruning/0.9/bottleneck_1_block_group3_5_1.mtx,1e-06
54,dlmc/rn50/random_pruning/0.98/bottleneck_3_block_group3_5_1.mtx,1e-06
55,dlmc/rn50/random_pruning/0.98/bottleneck_2_block_group3_3_1.mtx,1e-06
56,dlmc/rn50/random_pruning/0.98/bottleneck_1_block_group_projection_block_group3.mtx,1e-06
57,dlmc/rn50/random_pruning/0.98/bottleneck_1_block_group_projection_block_group1.mtx,1e-06
58,dlmc/rn50/random_pruning/0.98/bottleneck_projection_block_group_projection_block_group4.mtx,1e-06
59,dlmc/rn50/random_pruning/0.98/bottleneck_1_block_group1_1_1.mtx,1e-06
60,dlmc/rn50/random_pruning/0.98/bottleneck_2_block_group4_2_1.mtx,1e-06
61,dlmc/rn50/random_pruning/0.98/bottleneck_projection_block_group_projection_block_group1.mtx,1e-06
62,dlmc/rn50/random_pruning/0.98/initial_conv.mtx,1e-06
63,dlmc/rn50/random_pruning/0.98/final_dense.mtx,1e-06
64,dlmc/rn50/random_pruning/0.98/bottleneck_2_block_group2_1_1.mtx,1e-06
65,dlmc/rn50/random_pruning/0.98/bottleneck_1_block_group_projection_block_group4.mtx,1e-06
66,dlmc/rn50/random_pruning/0.98/bottleneck_1_block_group2_2_1.mtx,1e-06
67,dlmc/rn50/random_pruning/0.98/bottleneck_3_block_group3_3_1.mtx,1e-06
68,dlmc/rn50/random_pruning/0.98/bottleneck_3_block_group_projection_block_group3.mtx,1e-06
69,dlmc/rn50/random_pruning/0.98/bottleneck_projection_block_group_projection_block_group3.mtx,1e-06
70,dlmc/rn50/random_pruning/0.98/bottleneck_2_block_group2_3_1.mtx,1e-06
71,dlmc/rn50/random_pruning/0.98/bottleneck_1_block_group4_1_1.mtx,1e-06
72,dlmc/rn50/random_pruning/0.98/bottleneck_1_block_group3_3_1.mtx,1e-06
73,dlmc/rn50/random_pruning/0.98/bottleneck_projection_block_group_projection_block_group2.mtx,1e-06
74,dlmc/rn50/random_pruning/0.98/bottleneck_2_block_group_projection_block_group4.mtx,1e-06
75,dlmc/rn50/random_pruning/0.98/bottleneck_3_block_group_projection_block_group4.mtx,1e-06
76,dlmc/rn50/random_pruning/0.98/bottleneck_3_block_group3_4_1.mtx,1e-06
77,dlmc/rn50/random_pruning/0.98/bottleneck_2_block_group4_1_1.mtx,1e-06
78,dlmc/rn50/random_pruning/0.98/bottleneck_3_block_group2_1_1.mtx,1e-06
79,dlmc/rn50/random_pruning/0.98/bottleneck_2_block_group3_2_1.mtx,1e-06
80,dlmc/rn50/random_pruning/0.98/bottleneck_2_block_group1_1_1.mtx,1e-06
81,dlmc/rn50/random_pruning/0.98/bottleneck_1_block_group3_2_1.mtx,1e-06
82,dlmc/rn50/random_pruning/0.98/bottleneck_1_block_group1_2_1.mtx,1e-06
83,dlmc/rn50/random_pruning/0.98/bottleneck_2_block_group3_5_1.mtx,1e-06
84,dlmc/rn50/random_pruning/0.98/bottleneck_3_block_group3_1_1.mtx,1e-06
85,dlmc/rn50/random_pruning/0.98/bottleneck_2_block_group1_2_1.mtx,1e-06
86,dlmc/rn50/random_pruning/0.98/bottleneck_2_block_group2_2_1.mtx,1e-06
87,dlmc/rn50/random_pruning/0.98/bottleneck_2_block_group3_1_1.mtx,1e-06
88,dlmc/rn50/random_pruning/0.98/bottleneck_1_block_group2_1_1.mtx,1e-06
89,dlmc/rn50/random_pruning/0.98/bottleneck_3_block_group1_2_1.mtx,1e-06
90,dlmc/rn50/random_pruning/0.98/bottleneck_1_block_group_projection_block_group2.mtx,1e-06
91,dlmc/rn50/random_pruning/0.98/bottleneck_3_block_group2_2_1.mtx,1e-06
92,dlmc/rn50/random_pruning/0.98/bottleneck_1_block_group3_4_1.mtx,1e-06
93,dlmc/rn50/random_pruning/0.98/bottleneck_3_block_group2_3_1.mtx,1e-06
94,dlmc/rn50/random_pruning/0.98/bottleneck_2_block_group3_4_1.mtx,1e-06
95,dlmc/rn50/random_pruning/0.98/bottleneck_2_block_group_projection_block_group2.mtx,1e-06
96,dlmc/rn50/random_pruning/0.98/bottleneck_1_block_group4_2_1.mtx,1e-06
97,dlmc/rn50/random_pruning/0.98/bottleneck_1_block_group3_1_1.mtx,1e-06
98,dlmc/rn50/random_pruning/0.98/bottleneck_3_block_group3_2_1.mtx,1e-06
99,dlmc/rn50/random_pruning/0.98/bottleneck_1_block_group2_3_1.mtx,1e-06
100,dlmc/rn50/random_pruning/0.98/bottleneck_2_block_group_projection_block_group1.mtx,1e-06
101,dlmc/rn50/random_pruning/0.98/bottleneck_3_block_group1_1_1.mtx,1e-06
102,dlmc/rn50/random_pruning/0.98/bottleneck_3_block_group4_2_1.mtx,1e-06
103,dlmc/rn50/random_pruning/0.98/bottleneck_3_block_group4_1_1.mtx,1e-06
104,dlmc/rn50/random_pruning/0.98/bottleneck_2_block_group_projection_block_group3.mtx,1e-06
105,dlmc/rn50/random_pruning/0.98/bottleneck_3_block_group_projection_block_group1.mtx,1e-06
106,dlmc/rn50/random_pruning/0.98/bottleneck_3_block_group_projection_block_group2.mtx,1e-06
107,dlmc/rn50/random_pruning/0.98/bottleneck_1_block_group3_5_1.mtx,1e-06
108,dlmc/rn50/random_pruning/0.7/bottleneck_3_block_group3_5_1.mtx,1e-06
109,dlmc/rn50/random_pruning/0.7/bottleneck_2_block_group3_3_1.mtx,1e-06
110,dlmc/rn50/random_pruning/0.7/bottleneck_1_block_group_projection_block_group3.mtx,1e-06
111,dlmc/rn50/random_pruning/0.7/bottleneck_1_block_group_projection_block_group1.mtx,1e-06
112,dlmc/rn50/random_pruning/0.7/bottleneck_projection_block_group_projection_block_group4.mtx,1e-06
113,dlmc/rn50/random_pruning/0.7/bottleneck_1_block_group1_1_1.mtx,1e-06
114,dlmc/rn50/random_pruning/0.7/bottleneck_2_block_group4_2_1.mtx,1e-06
115,dlmc/rn50/random_pruning/0.7/bottleneck_projection_block_group_projection_block_group1.mtx,1e-06
116,dlmc/rn50/random_pruning/0.7/initial_conv.mtx,1e-06
117,dlmc/rn50/random_pruning/0.7/final_dense.mtx,1e-06
118,dlmc/rn50/random_pruning/0.7/bottleneck_2_block_group2_1_1.mtx,1e-06
119,dlmc/rn50/random_pruning/0.7/bottleneck_1_block_group_projection_block_group4.mtx,1e-06
120,dlmc/rn50/random_pruning/0.7/bottleneck_1_block_group2_2_1.mtx,1e-06
121,dlmc/rn50/random_pruning/0.7/bottleneck_3_block_group3_3_1.mtx,1e-06
122,dlmc/rn50/random_pruning/0.7/bottleneck_3_block_group_projection_block_group3.mtx,1e-06
123,dlmc/rn50/random_pruning/0.7/bottleneck_projection_block_group_projection_block_group3.mtx,1e-06
124,dlmc/rn50/random_pruning/0.7/bottleneck_2_block_group2_3_1.mtx,1e-06
125,dlmc/rn50/random_pruning/0.7/bottleneck_1_block_group4_1_1.mtx,1e-06
126,dlmc/rn50/random_pruning/0.7/bottleneck_1_block_group3_3_1.mtx,1e-06
127,dlmc/rn50/random_pruning/0.7/bottleneck_projection_block_group_projection_block_group2.mtx,1e-06
128,dlmc/rn50/random_pruning/0.7/bottleneck_2_block_group_projection_block_group4.mtx,1e-06
129,dlmc/rn50/random_pruning/0.7/bottleneck_3_block_group_projection_block_group4.mtx,1e-06
130,dlmc/rn50/random_pruning/0.7/bottleneck_3_block_group3_4_1.mtx,1e-06
131,dlmc/rn50/random_pruning/0.7/bottleneck_2_block_group4_1_1.mtx,1e-06
132,dlmc/rn50/random_pruning/0.7/bottleneck_3_block_group2_1_1.mtx,1e-06
133,dlmc/rn50/random_pruning/0.7/bottleneck_2_block_group3_2_1.mtx,1e-06
134,dlmc/rn50/random_pruning/0.7/bottleneck_2_block_group1_1_1.mtx,1e-06
135,dlmc/rn50/random_pruning/0.7/bottleneck_1_block_group3_2_1.mtx,1e-06
136,dlmc/rn50/random_pruning/0.7/bottleneck_1_block_group1_2_1.mtx,1e-06
137,dlmc/rn50/random_pruning/0.7/bottleneck_2_block_group3_5_1.mtx,1e-06
138,dlmc/rn50/random_pruning/0.7/bottleneck_3_block_group3_1_1.mtx,1e-06
139,dlmc/rn50/random_pruning/0.7/bottleneck_2_block_group1_2_1.mtx,1e-06
140,dlmc/rn50/random_pruning/0.7/bottleneck_2_block_group2_2_1.mtx,1e-06
141,dlmc/rn50/random_pruning/0.7/bottleneck_2_block_group3_1_1.mtx,1e-06
142,dlmc/rn50/random_pruning/0.7/bottleneck_1_block_group2_1_1.mtx,1e-06
143,dlmc/rn50/random_pruning/0.7/bottleneck_3_block_group1_2_1.mtx,1e-06
144,dlmc/rn50/random_pruning/0.7/bottleneck_1_block_group_projection_block_group2.mtx,1e-06
145,dlmc/rn50/random_pruning/0.7/bottleneck_3_block_group2_2_1.mtx,1e-06
146,dlmc/rn50/random_pruning/0.7/bottleneck_1_block_group3_4_1.mtx,1e-06
147,dlmc/rn50/random_pruning/0.7/bottleneck_3_block_group2_3_1.mtx,1e-06
148,dlmc/rn50/random_pruning/0.7/bottleneck_2_block_group3_4_1.mtx,1e-06
149,dlmc/rn50/random_pruning/0.7/bottleneck_2_block_group_projection_block_group2.mtx,1e-06
150,dlmc/rn50/random_pruning/0.7/bottleneck_1_block_group4_2_1.mtx,1e-06
151,dlmc/rn50/random_pruning/0.7/bottleneck_1_block_group3_1_1.mtx,1e-06
152,dlmc/rn50/random_pruning/0.7/bottleneck_3_block_group3_2_1.mtx,1e-06
153,dlmc/rn50/random_pruning/0.7/bottleneck_1_block_group2_3_1.mtx,1e-06
154,dlmc/rn50/random_pruning/0.7/bottleneck_2_block_group_projection_block_group1.mtx,1e-06
155,dlmc/rn50/random_pruning/0.7/bottleneck_3_block_group1_1_1.mtx,1e-06
156,dlmc/rn50/random_pruning/0.7/bottleneck_3_block_group4_2_1.mtx,1e-06
157,dlmc/rn50/random_pruning/0.7/bottleneck_3_block_group4_1_1.mtx,1e-06
158,dlmc/rn50/random_pruning/0.7/bottleneck_2_block_group_projection_block_group3.mtx,1e-06
159,dlmc/rn50/random_pruning/0.7/bottleneck_3_block_group_projection_block_group1.mtx,1e-06
160,dlmc/rn50/random_pruning/0.7/bottleneck_3_block_group_projection_block_group2.mtx,1e-06
161,dlmc/rn50/random_pruning/0.7/bottleneck_1_block_group3_5_1.mtx,1e-06
162,dlmc/rn50/random_pruning/0.95/bottleneck_3_block_group3_5_1.mtx,1e-06
163,dlmc/rn50/random_pruning/0.95/bottleneck_2_block_group3_3_1.mtx,1e-06
164,dlmc/rn50/random_pruning/0.95/bottleneck_1_block_group_projection_block_group3.mtx,1e-06
165,dlmc/rn50/random_pruning/0.95/bottleneck_1_block_group_projection_block_group1.mtx,1e-06
166,dlmc/rn50/random_pruning/0.95/bottleneck_projection_block_group_projection_block_group4.mtx,1e-06
167,dlmc/rn50/random_pruning/0.95/bottleneck_1_block_group1_1_1.mtx,1e-06
168,dlmc/rn50/random_pruning/0.95/bottleneck_2_block_group4_2_1.mtx,1e-06
169,dlmc/rn50/random_pruning/0.95/bottleneck_projection_block_group_projection_block_group1.mtx,1e-06
170,dlmc/rn50/random_pruning/0.95/initial_conv.mtx,1e-06
171,dlmc/rn50/random_pruning/0.95/final_dense.mtx,1e-06
172,dlmc/rn50/random_pruning/0.95/bottleneck_2_block_group2_1_1.mtx,1e-06
173,dlmc/rn50/random_pruning/0.95/bottleneck_1_block_group_projection_block_group4.mtx,1e-06
174,dlmc/rn50/random_pruning/0.95/bottleneck_1_block_group2_2_1.mtx,1e-06
175,dlmc/rn50/random_pruning/0.95/bottleneck_3_block_group3_3_1.mtx,1e-06
176,dlmc/rn50/random_pruning/0.95/bottleneck_3_block_group_projection_block_group3.mtx,1e-06
177,dlmc/rn50/random_pruning/0.95/bottleneck_projection_block_group_projection_block_group3.mtx,1e-06
178,dlmc/rn50/random_pruning/0.95/bottleneck_2_block_group2_3_1.mtx,1e-06
179,dlmc/rn50/random_pruning/0.95/bottleneck_1_block_group4_1_1.mtx,1e-06
180,dlmc/rn50/random_pruning/0.95/bottleneck_1_block_group3_3_1.mtx,1e-06
181,dlmc/rn50/random_pruning/0.95/bottleneck_projection_block_group_projection_block_group2.mtx,1e-06
182,dlmc/rn50/random_pruning/0.95/bottleneck_2_block_group_projection_block_group4.mtx,1e-06
183,dlmc/rn50/random_pruning/0.95/bottleneck_3_block_group_projection_block_group4.mtx,1e-06
184,dlmc/rn50/random_pruning/0.95/bottleneck_3_block_group3_4_1.mtx,1e-06
185,dlmc/rn50/random_pruning/0.95/bottleneck_2_block_group4_1_1.mtx,1e-06
186,dlmc/rn50/random_pruning/0.95/bottleneck_3_block_group2_1_1.mtx,1e-06
187,dlmc/rn50/random_pruning/0.95/bottleneck_2_block_group3_2_1.mtx,1e-06
188,dlmc/rn50/random_pruning/0.95/bottleneck_2_block_group1_1_1.mtx,1e-06
189,dlmc/rn50/random_pruning/0.95/bottleneck_1_block_group3_2_1.mtx,1e-06
190,dlmc/rn50/random_pruning/0.95/bottleneck_1_block_group1_2_1.mtx,1e-06
191,dlmc/rn50/random_pruning/0.95/bottleneck_2_block_group3_5_1.mtx,1e-06
192,dlmc/rn50/random_pruning/0.95/bottleneck_3_block_group3_1_1.mtx,1e-06
193,dlmc/rn50/random_pruning/0.95/bottleneck_2_block_group1_2_1.mtx,1e-06
194,dlmc/rn50/random_pruning/0.95/bottleneck_2_block_group2_2_1.mtx,1e-06
195,dlmc/rn50/random_pruning/0.95/bottleneck_2_block_group3_1_1.mtx,1e-06
196,dlmc/rn50/random_pruning/0.95/bottleneck_1_block_group2_1_1.mtx,1e-06
197,dlmc/rn50/random_pruning/0.95/bottleneck_3_block_group1_2_1.mtx,1e-06
198,dlmc/rn50/random_pruning/0.95/bottleneck_1_block_group_projection_block_group2.mtx,1e-06
199,dlmc/rn50/random_pruning/0.95/bottleneck_3_block_group2_2_1.mtx,1e-06
200,dlmc/rn50/random_pruning/0.95/bottleneck_1_block_group3_4_1.mtx,1e-06
201,dlmc/rn50/random_pruning/0.95/bottleneck_3_block_group2_3_1.mtx,1e-06
202,dlmc/rn50/random_pruning/0.95/bottleneck_2_block_group3_4_1.mtx,1e-06
203,dlmc/rn50/random_pruning/0.95/bottleneck_2_block_group_projection_block_group2.mtx,1e-06
204,dlmc/rn50/random_pruning/0.95/bottleneck_1_block_group4_2_1.mtx,1e-06
205,dlmc/rn50/random_pruning/0.95/bottleneck_1_block_group3_1_1.mtx,1e-06
206,dlmc/rn50/random_pruning/0.95/bottleneck_3_block_group3_2_1.mtx,1e-06
207,dlmc/rn50/random_pruning/0.95/bottleneck_1_block_group2_3_1.mtx,1e-06
208,dlmc/rn50/random_pruning/0.95/bottleneck_2_block_group_projection_block_group1.mtx,1e-06
209,dlmc/rn50/random_pruning/0.95/bottleneck_3_block_group1_1_1.mtx,1e-06
210,dlmc/rn50/random_pruning/0.95/bottleneck_3_block_group4_2_1.mtx,1e-06
211,dlmc/rn50/random_pruning/0.95/bottleneck_3_block_group4_1_1.mtx,1e-06
212,dlmc/rn50/random_pruning/0.95/bottleneck_2_block_group_projection_block_group3.mtx,1e-06
213,dlmc/rn50/random_pruning/0.95/bottleneck_3_block_group_projection_block_group1.mtx,1e-06
214,dlmc/rn50/random_pruning/0.95/bottleneck_3_block_group_projection_block_group2.mtx,1e-06
215,dlmc/rn50/random_pruning/0.95/bottleneck_1_block_group3_5_1.mtx,1e-06
216,dlmc/rn50/random_pruning/0.5/bottleneck_3_block_group3_5_1.mtx,1e-06
217,dlmc/rn50/random_pruning/0.5/bottleneck_2_block_group3_3_1.mtx,1e-06
218,dlmc/rn50/random_pruning/0.5/bottleneck_1_block_group_projection_block_group3.mtx,1e-06
219,dlmc/rn50/random_pruning/0.5/bottleneck_1_block_group_projection_block_group1.mtx,1e-06
220,dlmc/rn50/random_pruning/0.5/bottleneck_projection_block_group_projection_block_group4.mtx,1e-06
221,dlmc/rn50/random_pruning/0.5/bottleneck_1_block_group1_1_1.mtx,1e-06
222,dlmc/rn50/random_pruning/0.5/bottleneck_2_block_group4_2_1.mtx,1e-06
223,dlmc/rn50/random_pruning/0.5/bottleneck_projection_block_group_projection_block_group1.mtx,1e-06
224,dlmc/rn50/random_pruning/0.5/initial_conv.mtx,1e-06
225,dlmc/rn50/random_pruning/0.5/final_dense.mtx,1e-06
226,dlmc/rn50/random_pruning/0.5/bottleneck_2_block_group2_1_1.mtx,1e-06
227,dlmc/rn50/random_pruning/0.5/bottleneck_1_block_group_projection_block_group4.mtx,1e-06
228,dlmc/rn50/random_pruning/0.5/bottleneck_1_block_group2_2_1.mtx,1e-06
229,dlmc/rn50/random_pruning/0.5/bottleneck_3_block_group3_3_1.mtx,1e-06
230,dlmc/rn50/random_pruning/0.5/bottleneck_3_block_group_projection_block_group3.mtx,1e-06
231,dlmc/rn50/random_pruning/0.5/bottleneck_projection_block_group_projection_block_group3.mtx,1e-06
232,dlmc/rn50/random_pruning/0.5/bottleneck_2_block_group2_3_1.mtx,1e-06
233,dlmc/rn50/random_pruning/0.5/bottleneck_1_block_group4_1_1.mtx,1e-06
234,dlmc/rn50/random_pruning/0.5/bottleneck_1_block_group3_3_1.mtx,1e-06
235,dlmc/rn50/random_pruning/0.5/bottleneck_projection_block_group_projection_block_group2.mtx,1e-06
236,dlmc/rn50/random_pruning/0.5/bottleneck_2_block_group_projection_block_group4.mtx,1e-06
237,dlmc/rn50/random_pruning/0.5/bottleneck_3_block_group_projection_block_group4.mtx,1e-06
238,dlmc/rn50/random_pruning/0.5/bottleneck_3_block_group3_4_1.mtx,1e-06
239,dlmc/rn50/random_pruning/0.5/bottleneck_2_block_group4_1_1.mtx,1e-06
240,dlmc/rn50/random_pruning/0.5/bottleneck_3_block_group2_1_1.mtx,1e-06
241,dlmc/rn50/random_pruning/0.5/bottleneck_2_block_group3_2_1.mtx,1e-06
242,dlmc/rn50/random_pruning/0.5/bottleneck_2_block_group1_1_1.mtx,1e-06
243,dlmc/rn50/random_pruning/0.5/bottleneck_1_block_group3_2_1.mtx,1e-06
244,dlmc/rn50/random_pruning/0.5/bottleneck_1_block_group1_2_1.mtx,1e-06
245,dlmc/rn50/random_pruning/0.5/bottleneck_2_block_group3_5_1.mtx,1e-06
246,dlmc/rn50/random_pruning/0.5/bottleneck_3_block_group3_1_1.mtx,1e-06
247,dlmc/rn50/random_pruning/0.5/bottleneck_2_block_group1_2_1.mtx,1e-06
248,dlmc/rn50/random_pruning/0.5/bottleneck_2_block_group2_2_1.mtx,1e-06
249,dlmc/rn50/random_pruning/0.5/bottleneck_2_block_group3_1_1.mtx,1e-06
250,dlmc/rn50/random_pruning/0.5/bottleneck_1_block_group2_1_1.mtx,1e-06
251,dlmc/rn50/random_pruning/0.5/bottleneck_3_block_group1_2_1.mtx,1e-06
252,dlmc/rn50/random_pruning/0.5/bottleneck_1_block_group_projection_block_group2.mtx,1e-06
253,dlmc/rn50/random_pruning/0.5/bottleneck_3_block_group2_2_1.mtx,1e-06
254,dlmc/rn50/random_pruning/0.5/bottleneck_1_block_group3_4_1.mtx,1e-06
255,dlmc/rn50/random_pruning/0.5/bottleneck_3_block_group2_3_1.mtx,1e-06
256,dlmc/rn50/random_pruning/0.5/bottleneck_2_block_group3_4_1.mtx,1e-06
257,dlmc/rn50/random_pruning/0.5/bottleneck_2_block_group_projection_block_group2.mtx,1e-06
258,dlmc/rn50/random_pruning/0.5/bottleneck_1_block_group4_2_1.mtx,1e-06
259,dlmc/rn50/random_pruning/0.5/bottleneck_1_block_group3_1_1.mtx,1e-06
260,dlmc/rn50/random_pruning/0.5/bottleneck_3_block_group3_2_1.mtx,1e-06
261,dlmc/rn50/random_pruning/0.5/bottleneck_1_block_group2_3_1.mtx,1e-06
262,dlmc/rn50/random_pruning/0.5/bottleneck_2_block_group_projection_block_group1.mtx,1e-06
263,dlmc/rn50/random_pruning/0.5/bottleneck_3_block_group1_1_1.mtx,1e-06
264,dlmc/rn50/random_pruning/0.5/bottleneck_3_block_group4_2_1.mtx,1e-06
265,dlmc/rn50/random_pruning/0.5/bottleneck_3_block_group4_1_1.mtx,1e-06
266,dlmc/rn50/random_pruning/0.5/bottleneck_2_block_group_projection_block_group3.mtx,1e-06
267,dlmc/rn50/random_pruning/0.5/bottleneck_3_block_group_projection_block_group1.mtx,1e-06
268,dlmc/rn50/random_pruning/0.5/bottleneck_3_block_group_projection_block_group2.mtx,1e-06
269,dlmc/rn50/random_pruning/0.5/bottleneck_1_block_group3_5_1.mtx,1e-06
270,dlmc/rn50/random_pruning/0.8/bottleneck_3_block_group3_5_1.mtx,1e-06
271,dlmc/rn50/random_pruning/0.8/bottleneck_2_block_group3_3_1.mtx,1e-06
272,dlmc/rn50/random_pruning/0.8/bottleneck_1_block_group_projection_block_group3.mtx,1e-06
273,dlmc/rn50/random_pruning/0.8/bottleneck_1_block_group_projection_block_group1.mtx,1e-06
274,dlmc/rn50/random_pruning/0.8/bottleneck_projection_block_group_projection_block_group4.mtx,1e-06
275,dlmc/rn50/random_pruning/0.8/bottleneck_1_block_group1_1_1.mtx,1e-06
276,dlmc/rn50/random_pruning/0.8/bottleneck_2_block_group4_2_1.mtx,1e-06
277,dlmc/rn50/random_pruning/0.8/bottleneck_projection_block_group_projection_block_group1.mtx,1e-06
278,dlmc/rn50/random_pruning/0.8/initial_conv.mtx,1e-06
279,dlmc/rn50/random_pruning/0.8/final_dense.mtx,1e-06
280,dlmc/rn50/random_pruning/0.8/bottleneck_2_block_group2_1_1.mtx,1e-06
281,dlmc/rn50/random_pruning/0.8/bottleneck_1_block_group_projection_block_group4.mtx,1e-06
282,dlmc/rn50/random_pruning/0.8/bottleneck_1_block_group2_2_1.mtx,1e-06
283,dlmc/rn50/random_pruning/0.8/bottleneck_3_block_group3_3_1.mtx,1e-06
284,dlmc/rn50/random_pruning/0.8/bottleneck_3_block_group_projection_block_group3.mtx,1e-06
285,dlmc/rn50/random_pruning/0.8/bottleneck_projection_block_group_projection_block_group3.mtx,1e-06
286,dlmc/rn50/random_pruning/0.8/bottleneck_2_block_group2_3_1.mtx,1e-06
287,dlmc/rn50/random_pruning/0.8/bottleneck_1_block_group4_1_1.mtx,1e-06
288,dlmc/rn50/random_pruning/0.8/bottleneck_1_block_group3_3_1.mtx,1e-06
289,dlmc/rn50/random_pruning/0.8/bottleneck_projection_block_group_projection_block_group2.mtx,1e-06
290,dlmc/rn50/random_pruning/0.8/bottleneck_2_block_group_projection_block_group4.mtx,1e-06
291,dlmc/rn50/random_pruning/0.8/bottleneck_3_block_group_projection_block_group4.mtx,1e-06
292,dlmc/rn50/random_pruning/0.8/bottleneck_3_block_group3_4_1.mtx,1e-06
293,dlmc/rn50/random_pruning/0.8/bottleneck_2_block_group4_1_1.mtx,1e-06
294,dlmc/rn50/random_pruning/0.8/bottleneck_3_block_group2_1_1.mtx,1e-06
295,dlmc/rn50/random_pruning/0.8/bottleneck_2_block_group3_2_1.mtx,1e-06
296,dlmc/rn50/random_pruning/0.8/bottleneck_2_block_group1_1_1.mtx,1e-06
297,dlmc/rn50/random_pruning/0.8/bottleneck_1_block_group3_2_1.mtx,1e-06
298,dlmc/rn50/random_pruning/0.8/bottleneck_1_block_group1_2_1.mtx,1e-06
299,dlmc/rn50/random_pruning/0.8/bottleneck_2_block_group3_5_1.mtx,1e-06
300,dlmc/rn50/random_pruning/0.8/bottleneck_3_block_group3_1_1.mtx,1e-06
301,dlmc/rn50/random_pruning/0.8/bottleneck_2_block_group1_2_1.mtx,1e-06
302,dlmc/rn50/random_pruning/0.8/bottleneck_2_block_group2_2_1.mtx,1e-06
303,dlmc/rn50/random_pruning/0.8/bottleneck_2_block_group3_1_1.mtx,1e-06
304,dlmc/rn50/random_pruning/0.8/bottleneck_1_block_group2_1_1.mtx,1e-06
305,dlmc/rn50/random_pruning/0.8/bottleneck_3_block_group1_2_1.mtx,1e-06
306,dlmc/rn50/random_pruning/0.8/bottleneck_1_block_group_projection_block_group2.mtx,1e-06
307,dlmc/rn50/random_pruning/0.8/bottleneck_3_block_group2_2_1.mtx,1e-06
308,dlmc/rn50/random_pruning/0.8/bottleneck_1_block_group3_4_1.mtx,1e-06
309,dlmc/rn50/random_pruning/0.8/bottleneck_3_block_group2_3_1.mtx,1e-06
310,dlmc/rn50/random_pruning/0.8/bottleneck_2_block_group3_4_1.mtx,1e-06
311,dlmc/rn50/random_pruning/0.8/bottleneck_2_block_group_projection_block_group2.mtx,1e-06
312,dlmc/rn50/random_pruning/0.8/bottleneck_1_block_group4_2_1.mtx,1e-06
313,dlmc/rn50/random_pruning/0.8/bottleneck_1_block_group3_1_1.mtx,1e-06
314,dlmc/rn50/random_pruning/0.8/bottleneck_3_block_group3_2_1.mtx,1e-06
315,dlmc/rn50/random_pruning/0.8/bottleneck_1_block_group2_3_1.mtx,1e-06
316,dlmc/rn50/random_pruning/0.8/bottleneck_2_block_group_projection_block_group1.mtx,1e-06
317,dlmc/rn50/random_pruning/0.8/bottleneck_3_block_group1_1_1.mtx,1e-06
318,dlmc/rn50/random_pruning/0.8/bottleneck_3_block_group4_2_1.mtx,1e-06
319,dlmc/rn50/random_pruning/0.8/bottleneck_3_block_group4_1_1.mtx,1e-06
320,dlmc/rn50/random_pruning/0.8/bottleneck_2_block_group_projection_block_group3.mtx,1e-06
321,dlmc/rn50/random_pruning/0.8/bottleneck_3_block_group_projection_block_group1.mtx,1e-06
322,dlmc/rn50/random_pruning/0.8/bottleneck_3_block_group_projection_block_group2.mtx,1e-06
323,dlmc/rn50/random_pruning/0.8/bottleneck_1_block_group3_5_1.mtx,1e-06
324,dlmc/rn50/variational_dropout/0.9/bottleneck_3_block_group3_5_1.mtx,1e-06
325,dlmc/rn50/variational_dropout/0.9/bottleneck_2_block_group3_3_1.mtx,1e-06
326,dlmc/rn50/variational_dropout/0.9/bottleneck_1_block_group_projection_block_group3.mtx,1e-06
327,dlmc/rn50/variational_dropout/0.9/bottleneck_1_block_group_projection_block_group1.mtx,1e-06
328,dlmc/rn50/variational_dropout/0.9/bottleneck_projection_block_group_projection_block_group4.mtx,1e-06
329,dlmc/rn50/variational_dropout/0.9/bottleneck_1_block_group1_1_1.mtx,1e-06
330,dlmc/rn50/variational_dropout/0.9/bottleneck_2_block_group4_2_1.mtx,1e-06
331,dlmc/rn50/variational_dropout/0.9/bottleneck_projection_block_group_projection_block_group1.mtx,1e-06
332,dlmc/rn50/variational_dropout/0.9/initial_conv.mtx,1e-06
333,dlmc/rn50/variational_dropout/0.9/final_dense.mtx,1e-06
334,dlmc/rn50/variational_dropout/0.9/bottleneck_2_block_group2_1_1.mtx,1e-06
335,dlmc/rn50/variational_dropout/0.9/bottleneck_1_block_group_projection_block_group4.mtx,1e-06
336,dlmc/rn50/variational_dropout/0.9/bottleneck_1_block_group2_2_1.mtx,1e-06
337,dlmc/rn50/variational_dropout/0.9/bottleneck_3_block_group3_3_1.mtx,1e-06
338,dlmc/rn50/variational_dropout/0.9/bottleneck_3_block_group_projection_block_group3.mtx,1e-06
339,dlmc/rn50/variational_dropout/0.9/bottleneck_projection_block_group_projection_block_group3.mtx,1e-06
340,dlmc/rn50/variational_dropout/0.9/bottleneck_2_block_group2_3_1.mtx,1e-06
341,dlmc/rn50/variational_dropout/0.9/bottleneck_1_block_group4_1_1.mtx,1e-06
342,dlmc/rn50/variational_dropout/0.9/bottleneck_1_block_group3_3_1.mtx,1e-06
343,dlmc/rn50/variational_dropout/0.9/bottleneck_projection_block_group_projection_block_group2.mtx,1e-06
344,dlmc/rn50/variational_dropout/0.9/bottleneck_2_block_group_projection_block_group4.mtx,1e-06
345,dlmc/rn50/variational_dropout/0.9/bottleneck_3_block_group_projection_block_group4.mtx,1e-06
346,dlmc/rn50/variational_dropout/0.9/bottleneck_3_block_group3_4_1.mtx,1e-06
347,dlmc/rn50/variational_dropout/0.9/bottleneck_2_block_group4_1_1.mtx,1e-06
348,dlmc/rn50/variational_dropout/0.9/bottleneck_3_block_group2_1_1.mtx,1e-06
349,dlmc/rn50/variational_dropout/0.9/bottleneck_2_block_group3_2_1.mtx,1e-06
350,dlmc/rn50/variational_dropout/0.9/bottleneck_2_block_group1_1_1.mtx,1e-06
351,dlmc/rn50/variational_dropout/0.9/bottleneck_1_block_group3_2_1.mtx,1e-06
352,dlmc/rn50/variational_dropout/0.9/bottleneck_1_block_group1_2_1.mtx,1e-06
353,dlmc/rn50/variational_dropout/0.9/bottleneck_2_block_group3_5_1.mtx,1e-06
354,dlmc/rn50/variational_dropout/0.9/bottleneck_3_block_group3_1_1.mtx,1e-06
355,dlmc/rn50/variational_dropout/0.9/bottleneck_2_block_group1_2_1.mtx,1e-06
356,dlmc/rn50/variational_dropout/0.9/bottleneck_2_block_group2_2_1.mtx,1e-06
357,dlmc/rn50/variational_dropout/0.9/bottleneck_2_block_group3_1_1.mtx,1e-06
358,dlmc/rn50/variational_dropout/0.9/bottleneck_1_block_group2_1_1.mtx,1e-06
359,dlmc/rn50/variational_dropout/0.9/bottleneck_3_block_group1_2_1.mtx,1e-06
360,dlmc/rn50/variational_dropout/0.9/bottleneck_1_block_group_projection_block_group2.mtx,1e-06
361,dlmc/rn50/variational_dropout/0.9/bottleneck_3_block_group2_2_1.mtx,1e-06
362,dlmc/rn50/variational_dropout/0.9/bottleneck_1_block_group3_4_1.mtx,1e-06
363,dlmc/rn50/variational_dropout/0.9/bottleneck_3_block_group2_3_1.mtx,1e-06
364,dlmc/rn50/variational_dropout/0.9/bottleneck_2_block_group3_4_1.mtx,1e-06
365,dlmc/rn50/variational_dropout/0.9/bottleneck_2_block_group_projection_block_group2.mtx,1e-06
366,dlmc/rn50/variational_dropout/0.9/bottleneck_1_block_group4_2_1.mtx,1e-06
367,dlmc/rn50/variational_dropout/0.9/bottleneck_1_block_group3_1_1.mtx,1e-06
368,dlmc/rn50/variational_dropout/0.9/bottleneck_3_block_group3_2_1.mtx,1e-06
369,dlmc/rn50/variational_dropout/0.9/bottleneck_1_block_group2_3_1.mtx,1e-06
370,dlmc/rn50/variational_dropout/0.9/bottleneck_2_block_group_projection_block_group1.mtx,1e-06
371,dlmc/rn50/variational_dropout/0.9/bottleneck_3_block_group1_1_1.mtx,1e-06
372,dlmc/rn50/variational_dropout/0.9/bottleneck_3_block_group4_2_1.mtx,1e-06
373,dlmc/rn50/variational_dropout/0.9/bottleneck_3_block_group4_1_1.mtx,1e-06
374,dlmc/rn50/variational_dropout/0.9/bottleneck_2_block_group_projection_block_group3.mtx,1e-06
375,dlmc/rn50/variational_dropout/0.9/bottleneck_3_block_group_projection_block_group1.mtx,1e-06
376,dlmc/rn50/variational_dropout/0.9/bottleneck_3_block_group_projection_block_group2.mtx,1e-06
377,dlmc/rn50/variational_dropout/0.9/bottleneck_1_block_group3_5_1.mtx,1e-06
378,dlmc/rn50/variational_dropout/0.98/bottleneck_3_block_group3_5_1.mtx,1e-06
379,dlmc/rn50/variational_dropout/0.98/bottleneck_2_block_group3_3_1.mtx,1e-06
380,dlmc/rn50/variational_dropout/0.98/bottleneck_1_block_group_projection_block_group3.mtx,1e-06
381,dlmc/rn50/variational_dropout/0.98/bottleneck_1_block_group_projection_block_group1.mtx,1e-06
382,dlmc/rn50/variational_dropout/0.98/bottleneck_projection_block_group_projection_block_group4.mtx,1e-06
383,dlmc/rn50/variational_dropout/0.98/bottleneck_1_block_group1_1_1.mtx,1e-06
384,dlmc/rn50/variational_dropout/0.98/bottleneck_2_block_group4_2_1.mtx,1e-06
385,dlmc/rn50/variational_dropout/0.98/bottleneck_projection_block_group_projection_block_group1.mtx,1e-06
386,dlmc/rn50/variational_dropout/0.98/initial_conv.mtx,1e-06
387,dlmc/rn50/variational_dropout/0.98/final_dense.mtx,1e-06
388,dlmc/rn50/variational_dropout/0.98/bottleneck_2_block_group2_1_1.mtx,1e-06
389,dlmc/rn50/variational_dropout/0.98/bottleneck_1_block_group_projection_block_group4.mtx,1e-06
390,dlmc/rn50/variational_dropout/0.98/bottleneck_1_block_group2_2_1.mtx,1e-06
391,dlmc/rn50/variational_dropout/0.98/bottleneck_3_block_group3_3_1.mtx,1e-06
392,dlmc/rn50/variational_dropout/0.98/bottleneck_3_block_group_projection_block_group3.mtx,1e-06
393,dlmc/rn50/variational_dropout/0.98/bottleneck_projection_block_group_projection_block_group3.mtx,1e-06
394,dlmc/rn50/variational_dropout/0.98/bottleneck_2_block_group2_3_1.mtx,1e-06
395,dlmc/rn50/variational_dropout/0.98/bottleneck_1_block_group4_1_1.mtx,1e-06
396,dlmc/rn50/variational_dropout/0.98/bottleneck_1_block_group3_3_1.mtx,1e-06
397,dlmc/rn50/variational_dropout/0.98/bottleneck_projection_block_group_projection_block_group2.mtx,1e-06
398,dlmc/rn50/variational_dropout/0.98/bottleneck_2_block_group_projection_block_group4.mtx,1e-06
399,dlmc/rn50/variational_dropout/0.98/bottleneck_3_block_group_projection_block_group4.mtx,1e-06
400,dlmc/rn50/variational_dropout/0.98/bottleneck_3_block_group3_4_1.mtx,1e-06
401,dlmc/rn50/variational_dropout/0.98/bottleneck_2_block_group4_1_1.mtx,1e-06
402,dlmc/rn50/variational_dropout/0.98/bottleneck_3_block_group2_1_1.mtx,1e-06
403,dlmc/rn50/variational_dropout/0.98/bottleneck_2_block_group3_2_1.mtx,1e-06
404,dlmc/rn50/variational_dropout/0.98/bottleneck_2_block_group1_1_1.mtx,1e-06
405,dlmc/rn50/variational_dropout/0.98/bottleneck_1_block_group3_2_1.mtx,1e-06
406,dlmc/rn50/variational_dropout/0.98/bottleneck_1_block_group1_2_1.mtx,1e-06
407,dlmc/rn50/variational_dropout/0.98/bottleneck_2_block_group3_5_1.mtx,1e-06
408,dlmc/rn50/variational_dropout/0.98/bottleneck_3_block_group3_1_1.mtx,1e-06
409,dlmc/rn50/variational_dropout/0.98/bottleneck_2_block_group1_2_1.mtx,1e-06
410,dlmc/rn50/variational_dropout/0.98/bottleneck_2_block_group2_2_1.mtx,1e-06
411,dlmc/rn50/variational_dropout/0.98/bottleneck_2_block_group3_1_1.mtx,1e-06
412,dlmc/rn50/variational_dropout/0.98/bottleneck_1_block_group2_1_1.mtx,1e-06
413,dlmc/rn50/variational_dropout/0.98/bottleneck_3_block_group1_2_1.mtx,1e-06
414,dlmc/rn50/variational_dropout/0.98/bottleneck_1_block_group_projection_block_group2.mtx,1e-06
415,dlmc/rn50/variational_dropout/0.98/bottleneck_3_block_group2_2_1.mtx,1e-06
416,dlmc/rn50/variational_dropout/0.98/bottleneck_1_block_group3_4_1.mtx,1e-06
417,dlmc/rn50/variational_dropout/0.98/bottleneck_3_block_group2_3_1.mtx,1e-06
418,dlmc/rn50/variational_dropout/0.98/bottleneck_2_block_group3_4_1.mtx,1e-06
419,dlmc/rn50/variational_dropout/0.98/bottleneck_2_block_group_projection_block_group2.mtx,1e-06
420,dlmc/rn50/variational_dropout/0.98/bottleneck_1_block_group4_2_1.mtx,1e-06
421,dlmc/rn50/variational_dropout/0.98/bottleneck_1_block_group3_1_1.mtx,1e-06
422,dlmc/rn50/variational_dropout/0.98/bottleneck_3_block_group3_2_1.mtx,1e-06
423,dlmc/rn50/variational_dropout/0.98/bottleneck_1_block_group2_3_1.mtx,1e-06
424,dlmc/rn50/variational_dropout/0.98/bottleneck_2_block_group_projection_block_group1.mtx,1e-06
425,dlmc/rn50/variational_dropout/0.98/bottleneck_3_block_group1_1_1.mtx,1e-06
426,dlmc/rn50/variational_dropout/0.98/bottleneck_3_block_group4_2_1.mtx,1e-06
427,dlmc/rn50/variational_dropout/0.98/bottleneck_3_block_group4_1_1.mtx,1e-06
428,dlmc/rn50/variational_dropout/0.98/bottleneck_2_block_group_projection_block_group3.mtx,1e-06
429,dlmc/rn50/variational_dropout/0.98/bottleneck_3_block_group_projection_block_group1.mtx,1e-06
430,dlmc/rn50/variational_dropout/0.98/bottleneck_3_block_group_projection_block_group2.mtx,1e-06
431,dlmc/rn50/variational_dropout/0.98/bottleneck_1_block_group3_5_1.mtx,1e-06
432,dlmc/rn50/variational_dropout/0.95/bottleneck_3_block_group3_5_1.mtx,1e-06
433,dlmc/rn50/variational_dropout/0.95/bottleneck_2_block_group3_3_1.mtx,1e-06
434,dlmc/rn50/variational_dropout/0.95/bottleneck_1_block_group_projection_block_group3.mtx,1e-06
435,dlmc/rn50/variational_dropout/0.95/bottleneck_1_block_group_projection_block_group1.mtx,1e-06
436,dlmc/rn50/variational_dropout/0.95/bottleneck_projection_block_group_projection_block_group4.mtx,1e-06
437,dlmc/rn50/variational_dropout/0.95/bottleneck_1_block_group1_1_1.mtx,1e-06
438,dlmc/rn50/variational_dropout/0.95/bottleneck_2_block_group4_2_1.mtx,1e-06
439,dlmc/rn50/variational_dropout/0.95/bottleneck_projection_block_group_projection_block_group1.mtx,1e-06
440,dlmc/rn50/variational_dropout/0.95/initial_conv.mtx,1e-06
441,dlmc/rn50/variational_dropout/0.95/final_dense.mtx,1e-06
442,dlmc/rn50/variational_dropout/0.95/bottleneck_2_block_group2_1_1.mtx,1e-06
443,dlmc/rn50/variational_dropout/0.95/bottleneck_1_block_group_projection_block_group4.mtx,1e-06
444,dlmc/rn50/variational_dropout/0.95/bottleneck_1_block_group2_2_1.mtx,1e-06
445,dlmc/rn50/variational_dropout/0.95/bottleneck_3_block_group3_3_1.mtx,1e-06
446,dlmc/rn50/variational_dropout/0.95/bottleneck_3_block_group_projection_block_group3.mtx,1e-06
447,dlmc/rn50/variational_dropout/0.95/bottleneck_projection_block_group_projection_block_group3.mtx,1e-06
448,dlmc/rn50/variational_dropout/0.95/bottleneck_2_block_group2_3_1.mtx,1e-06
449,dlmc/rn50/variational_dropout/0.95/bottleneck_1_block_group4_1_1.mtx,1e-06
450,dlmc/rn50/variational_dropout/0.95/bottleneck_1_block_group3_3_1.mtx,1e-06
451,dlmc/rn50/variational_dropout/0.95/bottleneck_projection_block_group_projection_block_group2.mtx,1e-06
452,dlmc/rn50/variational_dropout/0.95/bottleneck_2_block_group_projection_block_group4.mtx,1e-06
453,dlmc/rn50/variational_dropout/0.95/bottleneck_3_block_group_projection_block_group4.mtx,1e-06
454,dlmc/rn50/variational_dropout/0.95/bottleneck_3_block_group3_4_1.mtx,1e-06
455,dlmc/rn50/variational_dropout/0.95/bottleneck_2_block_group4_1_1.mtx,1e-06
456,dlmc/rn50/variational_dropout/0.95/bottleneck_3_block_group2_1_1.mtx,1e-06
457,dlmc/rn50/variational_dropout/0.95/bottleneck_2_block_group3_2_1.mtx,1e-06
458,dlmc/rn50/variational_dropout/0.95/bottleneck_2_block_group1_1_1.mtx,1e-06
459,dlmc/rn50/variational_dropout/0.95/bottleneck_1_block_group3_2_1.mtx,1e-06
460,dlmc/rn50/variational_dropout/0.95/bottleneck_1_block_group1_2_1.mtx,1e-06
461,dlmc/rn50/variational_dropout/0.95/bottleneck_2_block_group3_5_1.mtx,1e-06
462,dlmc/rn50/variational_dropout/0.95/bottleneck_3_block_group3_1_1.mtx,1e-06
463,dlmc/rn50/variational_dropout/0.95/bottleneck_2_block_group1_2_1.mtx,1e-06
464,dlmc/rn50/variational_dropout/0.95/bottleneck_2_block_group2_2_1.mtx,1e-06
465,dlmc/rn50/variational_dropout/0.95/bottleneck_2_block_group3_1_1.mtx,1e-06
466,dlmc/rn50/variational_dropout/0.95/bottleneck_1_block_group2_1_1.mtx,1e-06
467,dlmc/rn50/variational_dropout/0.95/bottleneck_3_block_group1_2_1.mtx,1e-06
468,dlmc/rn50/variational_dropout/0.95/bottleneck_1_block_group_projection_block_group2.mtx,1e-06
469,dlmc/rn50/variational_dropout/0.95/bottleneck_3_block_group2_2_1.mtx,1e-06
470,dlmc/rn50/variational_dropout/0.95/bottleneck_1_block_group3_4_1.mtx,1e-06
471,dlmc/rn50/variational_dropout/0.95/bottleneck_3_block_group2_3_1.mtx,1e-06
472,dlmc/rn50/variational_dropout/0.95/bottleneck_2_block_group3_4_1.mtx,1e-06
473,dlmc/rn50/variational_dropout/0.95/bottleneck_2_block_group_projection_block_group2.mtx,1e-06
474,dlmc/rn50/variational_dropout/0.95/bottleneck_1_block_group4_2_1.mtx,1e-06
475,dlmc/rn50/variational_dropout/0.95/bottleneck_1_block_group3_1_1.mtx,1e-06
476,dlmc/rn50/variational_dropout/0.95/bottleneck_3_block_group3_2_1.mtx,1e-06
477,dlmc/rn50/variational_dropout/0.95/bottleneck_1_block_group2_3_1.mtx,1e-06
478,dlmc/rn50/variational_dropout/0.95/bottleneck_2_block_group_projection_block_group1.mtx,1e-06
479,dlmc/rn50/variational_dropout/0.95/bottleneck_3_block_group1_1_1.mtx,1e-06
480,dlmc/rn50/variational_dropout/0.95/bottleneck_3_block_group4_2_1.mtx,1e-06
481,dlmc/rn50/variational_dropout/0.95/bottleneck_3_block_group4_1_1.mtx,1e-06
482,dlmc/rn50/variational_dropout/0.95/bottleneck_2_block_group_projection_block_group3.mtx,1e-06
483,dlmc/rn50/variational_dropout/0.95/bottleneck_3_block_group_projection_block_group1.mtx,1e-06
484,dlmc/rn50/variational_dropout/0.95/bottleneck_3_block_group_projection_block_group2.mtx,1e-06
485,dlmc/rn50/variational_dropout/0.95/bottleneck_1_block_group3_5_1.mtx,1e-06
486,dlmc/rn50/variational_dropout/0.5/bottleneck_3_block_group3_5_1.mtx,1e-06
487,dlmc/rn50/variational_dropout/0.5/bottleneck_2_block_group3_3_1.mtx,1e-06
488,dlmc/rn50/variational_dropout/0.5/bottleneck_1_block_group_projection_block_group3.mtx,1e-06
489,dlmc/rn50/variational_dropout/0.5/bottleneck_1_block_group_projection_block_group1.mtx,1e-06
490,dlmc/rn50/variational_dropout/0.5/bottleneck_projection_block_group_projection_block_group4.mtx,1e-06
491,dlmc/rn50/variational_dropout/0.5/bottleneck_1_block_group1_1_1.mtx,1e-06
492,dlmc/rn50/variational_dropout/0.5/bottleneck_2_block_group4_2_1.mtx,1e-06
493,dlmc/rn50/variational_dropout/0.5/bottleneck_projection_block_group_projection_block_group1.mtx,1e-06
494,dlmc/rn50/variational_dropout/0.5/initial_conv.mtx,1e-06
495,dlmc/rn50/variational_dropout/0.5/final_dense.mtx,1e-06
496,dlmc/rn50/variational_dropout/0.5/bottleneck_2_block_group2_1_1.mtx,1e-06
497,dlmc/rn50/variational_dropout/0.5/bottleneck_1_block_group_projection_block_group4.mtx,1e-06
498,dlmc/rn50/variational_dropout/0.5/bottleneck_1_block_group2_2_1.mtx,1e-06
499,dlmc/rn50/variational_dropout/0.5/bottleneck_3_block_group3_3_1.mtx,1e-06
500,dlmc/rn50/variational_dropout/0.5/bottleneck_3_block_group_projection_block_group3.mtx,1e-06
501,dlmc/rn50/variational_dropout/0.5/bottleneck_projection_block_group_projection_block_group3.mtx,1e-06
502,dlmc/rn50/variational_dropout/0.5/bottleneck_2_block_group2_3_1.mtx,1e-06
503,dlmc/rn50/variational_dropout/0.5/bottleneck_1_block_group4_1_1.mtx,1e-06
504,dlmc/rn50/variational_dropout/0.5/bottleneck_1_block_group3_3_1.mtx,1e-06
505,dlmc/rn50/variational_dropout/0.5/bottleneck_projection_block_group_projection_block_group2.mtx,1e-06
506,dlmc/rn50/variational_dropout/0.5/bottleneck_2_block_group_projection_block_group4.mtx,1e-06
507,dlmc/rn50/variational_dropout/0.5/bottleneck_3_block_group_projection_block_group4.mtx,1e-06
508,dlmc/rn50/variational_dropout/0.5/bottleneck_3_block_group3_4_1.mtx,1e-06
509,dlmc/rn50/variational_dropout/0.5/bottleneck_2_block_group4_1_1.mtx,1e-06
510,dlmc/rn50/variational_dropout/0.5/bottleneck_3_block_group2_1_1.mtx,1e-06
511,dlmc/rn50/variational_dropout/0.5/bottleneck_2_block_group3_2_1.mtx,1e-06
512,dlmc/rn50/variational_dropout/0.5/bottleneck_2_block_group1_1_1.mtx,1e-06
513,dlmc/rn50/variational_dropout/0.5/bottleneck_1_block_group3_2_1.mtx,1e-06
514,dlmc/rn50/variational_dropout/0.5/bottleneck_1_block_group1_2_1.mtx,1e-06
515,dlmc/rn50/variational_dropout/0.5/bottleneck_2_block_group3_5_1.mtx,1e-06
516,dlmc/rn50/variational_dropout/0.5/bottleneck_3_block_group3_1_1.mtx,1e-06
517,dlmc/rn50/variational_dropout/0.5/bottleneck_2_block_group1_2_1.mtx,1e-06
518,dlmc/rn50/variational_dropout/0.5/bottleneck_2_block_group2_2_1.mtx,1e-06
519,dlmc/rn50/variational_dropout/0.5/bottleneck_2_block_group3_1_1.mtx,1e-06
520,dlmc/rn50/variational_dropout/0.5/bottleneck_1_block_group2_1_1.mtx,1e-06
521,dlmc/rn50/variational_dropout/0.5/bottleneck_3_block_group1_2_1.mtx,1e-06
522,dlmc/rn50/variational_dropout/0.5/bottleneck_1_block_group_projection_block_group2.mtx,1e-06
523,dlmc/rn50/variational_dropout/0.5/bottleneck_3_block_group2_2_1.mtx,1e-06
524,dlmc/rn50/variational_dropout/0.5/bottleneck_1_block_group3_4_1.mtx,1e-06
525,dlmc/rn50/variational_dropout/0.5/bottleneck_3_block_group2_3_1.mtx,1e-06
526,dlmc/rn50/variational_dropout/0.5/bottleneck_2_block_group3_4_1.mtx,1e-06
527,dlmc/rn50/variational_dropout/0.5/bottleneck_2_block_group_projection_block_group2.mtx,1e-06
528,dlmc/rn50/variational_dropout/0.5/bottleneck_1_block_group4_2_1.mtx,1e-06
529,dlmc/rn50/variational_dropout/0.5/bottleneck_1_block_group3_1_1.mtx,1e-06
530,dlmc/rn50/variational_dropout/0.5/bottleneck_3_block_group3_2_1.mtx,1e-06
531,dlmc/rn50/variational_dropout/0.5/bottleneck_1_block_group2_3_1.mtx,1e-06
532,dlmc/rn50/variational_dropout/0.5/bottleneck_2_block_group_projection_block_group1.mtx,1e-06
533,dlmc/rn50/variational_dropout/0.5/bottleneck_3_block_group1_1_1.mtx,1e-06
534,dlmc/rn50/variational_dropout/0.5/bottleneck_3_block_group4_2_1.mtx,1e-06
535,dlmc/rn50/variational_dropout/0.5/bottleneck_3_block_group4_1_1.mtx,1e-06
536,dlmc/rn50/variational_dropout/0.5/bottleneck_2_block_group_projection_block_group3.mtx,1e-06
537,dlmc/rn50/variational_dropout/0.5/bottleneck_3_block_group_projection_block_group1.mtx,1e-06
538,dlmc/rn50/variational_dropout/0.5/bottleneck_3_block_group_projection_block_group2.mtx,1e-06
539,dlmc/rn50/variational_dropout/0.5/bottleneck_1_block_group3_5_1.mtx,1e-06
540,dlmc/rn50/variational_dropout/0.8/bottleneck_3_block_group3_5_1.mtx,1e-06
541,dlmc/rn50/variational_dropout/0.8/bottleneck_2_block_group3_3_1.mtx,1e-06
542,dlmc/rn50/variational_dropout/0.8/bottleneck_1_block_group_projection_block_group3.mtx,1e-06
543,dlmc/rn50/variational_dropout/0.8/bottleneck_1_block_group_projection_block_group1.mtx,1e-06
544,dlmc/rn50/variational_dropout/0.8/bottleneck_projection_block_group_projection_block_group4.mtx,1e-06
545,dlmc/rn50/variational_dropout/0.8/bottleneck_1_block_group1_1_1.mtx,1e-06
546,dlmc/rn50/variational_dropout/0.8/bottleneck_2_block_group4_2_1.mtx,1e-06
547,dlmc/rn50/variational_dropout/0.8/bottleneck_projection_block_group_projection_block_group1.mtx,1e-06
548,dlmc/rn50/variational_dropout/0.8/initial_conv.mtx,1e-06
549,dlmc/rn50/variational_dropout/0.8/final_dense.mtx,1e-06
550,dlmc/rn50/variational_dropout/0.8/bottleneck_2_block_group2_1_1.mtx,1e-06
551,dlmc/rn50/variational_dropout/0.8/bottleneck_1_block_group_projection_block_group4.mtx,1e-06
552,dlmc/rn50/variational_dropout/0.8/bottleneck_1_block_group2_2_1.mtx,1e-06
553,dlmc/rn50/variational_dropout/0.8/bottleneck_3_block_group3_3_1.mtx,1e-06
554,dlmc/rn50/variational_dropout/0.8/bottleneck_3_block_group_projection_block_group3.mtx,1e-06
555,dlmc/rn50/variational_dropout/0.8/bottleneck_projection_block_group_projection_block_group3.mtx,1e-06
556,dlmc/rn50/variational_dropout/0.8/bottleneck_2_block_group2_3_1.mtx,1e-06
557,dlmc/rn50/variational_dropout/0.8/bottleneck_1_block_group4_1_1.mtx,1e-06
558,dlmc/rn50/variational_dropout/0.8/bottleneck_1_block_group3_3_1.mtx,1e-06
559,dlmc/rn50/variational_dropout/0.8/bottleneck_projection_block_group_projection_block_group2.mtx,1e-06
560,dlmc/rn50/variational_dropout/0.8/bottleneck_2_block_group_projection_block_group4.mtx,1e-06
561,dlmc/rn50/variational_dropout/0.8/bottleneck_3_block_group_projection_block_group4.mtx,1e-06
562,dlmc/rn50/variational_dropout/0.8/bottleneck_3_block_group3_4_1.mtx,1e-06
563,dlmc/rn50/variational_dropout/0.8/bottleneck_2_block_group4_1_1.mtx,1e-06
564,dlmc/rn50/variational_dropout/0.8/bottleneck_3_block_group2_1_1.mtx,1e-06
565,dlmc/rn50/variational_dropout/0.8/bottleneck_2_block_group3_2_1.mtx,1e-06
566,dlmc/rn50/variational_dropout/0.8/bottleneck_2_block_group1_1_1.mtx,1e-06
567,dlmc/rn50/variational_dropout/0.8/bottleneck_1_block_group3_2_1.mtx,1e-06
568,dlmc/rn50/variational_dropout/0.8/bottleneck_1_block_group1_2_1.mtx,1e-06
569,dlmc/rn50/variational_dropout/0.8/bottleneck_2_block_group3_5_1.mtx,1e-06
570,dlmc/rn50/variational_dropout/0.8/bottleneck_3_block_group3_1_1.mtx,1e-06
571,dlmc/rn50/variational_dropout/0.8/bottleneck_2_block_group1_2_1.mtx,1e-06
572,dlmc/rn50/variational_dropout/0.8/bottleneck_2_block_group2_2_1.mtx,1e-06
573,dlmc/rn50/variational_dropout/0.8/bottleneck_2_block_group3_1_1.mtx,1e-06
574,dlmc/rn50/variational_dropout/0.8/bottleneck_1_block_group2_1_1.mtx,1e-06
575,dlmc/rn50/variational_dropout/0.8/bottleneck_3_block_group1_2_1.mtx,1e-06
576,dlmc/rn50/variational_dropout/0.8/bottleneck_1_block_group_projection_block_group2.mtx,1e-06
577,dlmc/rn50/variational_dropout/0.8/bottleneck_3_block_group2_2_1.mtx,1e-06
578,dlmc/rn50/variational_dropout/0.8/bottleneck_1_block_group3_4_1.mtx,1e-06
579,dlmc/rn50/variational_dropout/0.8/bottleneck_3_block_group2_3_1.mtx,1e-06
580,dlmc/rn50/variational_dropout/0.8/bottleneck_2_block_group3_4_1.mtx,1e-06
581,dlmc/rn50/variational_dropout/0.8/bottleneck_2_block_group_projection_block_group2.mtx,1e-06
582,dlmc/rn50/variational_dropout/0.8/bottleneck_1_block_group4_2_1.mtx,1e-06
583,dlmc/rn50/variational_dropout/0.8/bottleneck_1_block_group3_1_1.mtx,1e-06
584,dlmc/rn50/variational_dropout/0.8/bottleneck_3_block_group3_2_1.mtx,1e-06
585,dlmc/rn50/variational_dropout/0.8/bottleneck_1_block_group2_3_1.mtx,1e-06
586,dlmc/rn50/variational_dropout/0.8/bottleneck_2_block_group_projection_block_group1.mtx,1e-06
587,dlmc/rn50/variational_dropout/0.8/bottleneck_3_block_group1_1_1.mtx,1e-06
588,dlmc/rn50/variational_dropout/0.8/bottleneck_3_block_group4_2_1.mtx,1e-06
589,dlmc/rn50/variational_dropout/0.8/bottleneck_3_block_group4_1_1.mtx,1e-06
590,dlmc/rn50/variational_dropout/0.8/bottleneck_2_block_group_projection_block_group3.mtx,1e-06
591,dlmc/rn50/variational_dropout/0.8/bottleneck_3_block_group_projection_block_group1.mtx,1e-06
592,dlmc/rn50/variational_dropout/0.8/bottleneck_3_block_group_projection_block_group2.mtx,1e-06
593,dlmc/rn50/variational_dropout/0.8/bottleneck_1_block_group3_5_1.mtx,1e-06
594,dlmc/rn50/magnitude_pruning/0.9/bottleneck_3_block_group3_5_1.mtx,1e-06
595,dlmc/rn50/magnitude_pruning/0.9/bottleneck_2_block_group3_3_1.mtx,1e-06
596,dlmc/rn50/magnitude_pruning/0.9/bottleneck_1_block_group_projection_block_group3.mtx,1e-06
597,dlmc/rn50/magnitude_pruning/0.9/bottleneck_1_block_group_projection_block_group1.mtx,1e-06
598,dlmc/rn50/magnitude_pruning/0.9/bottleneck_projection_block_group_projection_block_group4.mtx,1e-06
599,dlmc/rn50/magnitude_pruning/0.9/bottleneck_1_block_group1_1_1.mtx,1e-06
600,dlmc/rn50/magnitude_pruning/0.9/bottleneck_2_block_group4_2_1.mtx,1e-06
601,dlmc/rn50/magnitude_pruning/0.9/bottleneck_projection_block_group_projection_block_group1.mtx,1e-06
602,dlmc/rn50/magnitude_pruning/0.9/initial_conv.mtx,1e-06
603,dlmc/rn50/magnitude_pruning/0.9/final_dense.mtx,1e-06
604,dlmc/rn50/magnitude_pruning/0.9/bottleneck_2_block_group2_1_1.mtx,1e-06
605,dlmc/rn50/magnitude_pruning/0.9/bottleneck_1_block_group_projection_block_group4.mtx,1e-06
606,dlmc/rn50/magnitude_pruning/0.9/bottleneck_1_block_group2_2_1.mtx,1e-06
607,dlmc/rn50/magnitude_pruning/0.9/bottleneck_3_block_group3_3_1.mtx,1e-06
608,dlmc/rn50/magnitude_pruning/0.9/bottleneck_3_block_group_projection_block_group3.mtx,1e-06
609,dlmc/rn50/magnitude_pruning/0.9/bottleneck_projection_block_group_projection_block_group3.mtx,1e-06
610,dlmc/rn50/magnitude_pruning/0.9/bottleneck_2_block_group2_3_1.mtx,1e-06
611,dlmc/rn50/magnitude_pruning/0.9/bottleneck_1_block_group4_1_1.mtx,1e-06
612,dlmc/rn50/magnitude_pruning/0.9/bottleneck_1_block_group3_3_1.mtx,1e-06
613,dlmc/rn50/magnitude_pruning/0.9/bottleneck_projection_block_group_projection_block_group2.mtx,1e-06
614,dlmc/rn50/magnitude_pruning/0.9/bottleneck_2_block_group_projection_block_group4.mtx,1e-06
615,dlmc/rn50/magnitude_pruning/0.9/bottleneck_3_block_group_projection_block_group4.mtx,1e-06
616,dlmc/rn50/magnitude_pruning/0.9/bottleneck_3_block_group3_4_1.mtx,1e-06
617,dlmc/rn50/magnitude_pruning/0.9/bottleneck_2_block_group4_1_1.mtx,1e-06
618,dlmc/rn50/magnitude_pruning/0.9/bottleneck_3_block_group2_1_1.mtx,1e-06
619,dlmc/rn50/magnitude_pruning/0.9/bottleneck_2_block_group3_2_1.mtx,1e-06
620,dlmc/rn50/magnitude_pruning/0.9/bottleneck_2_block_group1_1_1.mtx,1e-06
621,dlmc/rn50/magnitude_pruning/0.9/bottleneck_1_block_group3_2_1.mtx,1e-06
622,dlmc/rn50/magnitude_pruning/0.9/bottleneck_1_block_group1_2_1.mtx,1e-06
623,dlmc/rn50/magnitude_pruning/0.9/bottleneck_2_block_group3_5_1.mtx,1e-06
624,dlmc/rn50/magnitude_pruning/0.9/bottleneck_3_block_group3_1_1.mtx,1e-06
625,dlmc/rn50/magnitude_pruning/0.9/bottleneck_2_block_group1_2_1.mtx,1e-06
626,dlmc/rn50/magnitude_pruning/0.9/bottleneck_2_block_group2_2_1.mtx,1e-06
627,dlmc/rn50/magnitude_pruning/0.9/bottleneck_2_block_group3_1_1.mtx,1e-06
628,dlmc/rn50/magnitude_pruning/0.9/bottleneck_1_block_group2_1_1.mtx,1e-06
629,dlmc/rn50/magnitude_pruning/0.9/bottleneck_3_block_group1_2_1.mtx,1e-06
630,dlmc/rn50/magnitude_pruning/0.9/bottleneck_1_block_group_projection_block_group2.mtx,1e-06
631,dlmc/rn50/magnitude_pruning/0.9/bottleneck_3_block_group2_2_1.mtx,1e-06
632,dlmc/rn50/magnitude_pruning/0.9/bottleneck_1_block_group3_4_1.mtx,1e-06
633,dlmc/rn50/magnitude_pruning/0.9/bottleneck_3_block_group2_3_1.mtx,1e-06
634,dlmc/rn50/magnitude_pruning/0.9/bottleneck_2_block_group3_4_1.mtx,1e-06
635,dlmc/rn50/magnitude_pruning/0.9/bottleneck_2_block_group_projection_block_group2.mtx,1e-06
636,dlmc/rn50/magnitude_pruning/0.9/bottleneck_1_block_group4_2_1.mtx,1e-06
637,dlmc/rn50/magnitude_pruning/0.9/bottleneck_1_block_group3_1_1.mtx,1e-06
638,dlmc/rn50/magnitude_pruning/0.9/bottleneck_3_block_group3_2_1.mtx,1e-06
639,dlmc/rn50/magnitude_pruning/0.9/bottleneck_1_block_group2_3_1.mtx,1e-06
640,dlmc/rn50/magnitude_pruning/0.9/bottleneck_2_block_group_projection_block_group1.mtx,1e-06
641,dlmc/rn50/magnitude_pruning/0.9/bottleneck_3_block_group1_1_1.mtx,1e-06
642,dlmc/rn50/magnitude_pruning/0.9/bottleneck_3_block_group4_2_1.mtx,1e-06
643,dlmc/rn50/magnitude_pruning/0.9/bottleneck_3_block_group4_1_1.mtx,1e-06
644,dlmc/rn50/magnitude_pruning/0.9/bottleneck_2_block_group_projection_block_group3.mtx,1e-06
645,dlmc/rn50/magnitude_pruning/0.9/bottleneck_3_block_group_projection_block_group1.mtx,1e-06
646,dlmc/rn50/magnitude_pruning/0.9/bottleneck_3_block_group_projection_block_group2.mtx,1e-06
647,dlmc/rn50/magnitude_pruning/0.9/bottleneck_1_block_group3_5_1.mtx,1e-06
648,dlmc/rn50/magnitude_pruning/0.98/bottleneck_3_block_group3_5_1.mtx,1e-06
649,dlmc/rn50/magnitude_pruning/0.98/bottleneck_2_block_group3_3_1.mtx,1e-06
650,dlmc/rn50/magnitude_pruning/0.98/bottleneck_1_block_group_projection_block_group3.mtx,1e-06
651,dlmc/rn50/magnitude_pruning/0.98/bottleneck_1_block_group_projection_block_group1.mtx,1e-06
652,dlmc/rn50/magnitude_pruning/0.98/bottleneck_projection_block_group_projection_block_group4.mtx,1e-06
653,dlmc/rn50/magnitude_pruning/0.98/bottleneck_1_block_group1_1_1.mtx,1e-06
654,dlmc/rn50/magnitude_pruning/0.98/bottleneck_2_block_group4_2_1.mtx,1e-06
655,dlmc/rn50/magnitude_pruning/0.98/bottleneck_projection_block_group_projection_block_group1.mtx,1e-06
656,dlmc/rn50/magnitude_pruning/0.98/initial_conv.mtx,1e-06
657,dlmc/rn50/magnitude_pruning/0.98/final_dense.mtx,1e-06
658,dlmc/rn50/magnitude_pruning/0.98/bottleneck_2_block_group2_1_1.mtx,1e-06
659,dlmc/rn50/magnitude_pruning/0.98/bottleneck_1_block_group_projection_block_group4.mtx,1e-06
660,dlmc/rn50/magnitude_pruning/0.98/bottleneck_1_block_group2_2_1.mtx,1e-06
661,dlmc/rn50/magnitude_pruning/0.98/bottleneck_3_block_group3_3_1.mtx,1e-06
662,dlmc/rn50/magnitude_pruning/0.98/bottleneck_3_block_group_projection_block_group3.mtx,1e-06
663,dlmc/rn50/magnitude_pruning/0.98/bottleneck_projection_block_group_projection_block_group3.mtx,1e-06
664,dlmc/rn50/magnitude_pruning/0.98/bottleneck_2_block_group2_3_1.mtx,1e-06
665,dlmc/rn50/magnitude_pruning/0.98/bottleneck_1_block_group4_1_1.mtx,1e-06
666,dlmc/rn50/magnitude_pruning/0.98/bottleneck_1_block_group3_3_1.mtx,1e-06
667,dlmc/rn50/magnitude_pruning/0.98/bottleneck_projection_block_group_projection_block_group2.mtx,1e-06
668,dlmc/rn50/magnitude_pruning/0.98/bottleneck_2_block_group_projection_block_group4.mtx,1e-06
669,dlmc/rn50/magnitude_pruning/0.98/bottleneck_3_block_group_projection_block_group4.mtx,1e-06
670,dlmc/rn50/magnitude_pruning/0.98/bottleneck_3_block_group3_4_1.mtx,1e-06
671,dlmc/rn50/magnitude_pruning/0.98/bottleneck_2_block_group4_1_1.mtx,1e-06
672,dlmc/rn50/magnitude_pruning/0.98/bottleneck_3_block_group2_1_1.mtx,1e-06
673,dlmc/rn50/magnitude_pruning/0.98/bottleneck_2_block_group3_2_1.mtx,1e-06
674,dlmc/rn50/magnitude_pruning/0.98/bottleneck_2_block_group1_1_1.mtx,1e-06
675,dlmc/rn50/magnitude_pruning/0.98/bottleneck_1_block_group3_2_1.mtx,1e-06
676,dlmc/rn50/magnitude_pruning/0.98/bottleneck_1_block_group1_2_1.mtx,1e-06
677,dlmc/rn50/magnitude_pruning/0.98/bottleneck_2_block_group3_5_1.mtx,1e-06
678,dlmc/rn50/magnitude_pruning/0.98/bottleneck_3_block_group3_1_1.mtx,1e-06
679,dlmc/rn50/magnitude_pruning/0.98/bottleneck_2_block_group1_2_1.mtx,1e-06
680,dlmc/rn50/magnitude_pruning/0.98/bottleneck_2_block_group2_2_1.mtx,1e-06
681,dlmc/rn50/magnitude_pruning/0.98/bottleneck_2_block_group3_1_1.mtx,1e-06
682,dlmc/rn50/magnitude_pruning/0.98/bottleneck_1_block_group2_1_1.mtx,1e-06
683,dlmc/rn50/magnitude_pruning/0.98/bottleneck_3_block_group1_2_1.mtx,1e-06
684,dlmc/rn50/magnitude_pruning/0.98/bottleneck_1_block_group_projection_block_group2.mtx,1e-06
685,dlmc/rn50/magnitude_pruning/0.98/bottleneck_3_block_group2_2_1.mtx,1e-06
686,dlmc/rn50/magnitude_pruning/0.98/bottleneck_1_block_group3_4_1.mtx,1e-06
687,dlmc/rn50/magnitude_pruning/0.98/bottleneck_3_block_group2_3_1.mtx,1e-06
688,dlmc/rn50/magnitude_pruning/0.98/bottleneck_2_block_group3_4_1.mtx,1e-06
689,dlmc/rn50/magnitude_pruning/0.98/bottleneck_2_block_group_projection_block_group2.mtx,1e-06
690,dlmc/rn50/magnitude_pruning/0.98/bottleneck_1_block_group4_2_1.mtx,1e-06
691,dlmc/rn50/magnitude_pruning/0.98/bottleneck_1_block_group3_1_1.mtx,1e-06
692,dlmc/rn50/magnitude_pruning/0.98/bottleneck_3_block_group3_2_1.mtx,1e-06
693,dlmc/rn50/magnitude_pruning/0.98/bottleneck_1_block_group2_3_1.mtx,1e-06
694,dlmc/rn50/magnitude_pruning/0.98/bottleneck_2_block_group_projection_block_group1.mtx,1e-06
695,dlmc/rn50/magnitude_pruning/0.98/bottleneck_3_block_group1_1_1.mtx,1e-06
696,dlmc/rn50/magnitude_pruning/0.98/bottleneck_3_block_group4_2_1.mtx,1e-06
697,dlmc/rn50/magnitude_pruning/0.98/bottleneck_3_block_group4_1_1.mtx,1e-06
698,dlmc/rn50/magnitude_pruning/0.98/bottleneck_2_block_group_projection_block_group3.mtx,1e-06
699,dlmc/rn50/magnitude_pruning/0.98/bottleneck_3_block_group_projection_block_group1.mtx,1e-06
700,dlmc/rn50/magnitude_pruning/0.98/bottleneck_3_block_group_projection_block_group2.mtx,1e-06
701,dlmc/rn50/magnitude_pruning/0.98/bottleneck_1_block_group3_5_1.mtx,1e-06
702,dlmc/rn50/magnitude_pruning/0.7/bottleneck_3_block_group3_5_1.mtx,1e-06
703,dlmc/rn50/magnitude_pruning/0.7/bottleneck_2_block_group3_3_1.mtx,1e-06
704,dlmc/rn50/magnitude_pruning/0.7/bottleneck_1_block_group_projection_block_group3.mtx,1e-06
705,dlmc/rn50/magnitude_pruning/0.7/bottleneck_1_block_group_projection_block_group1.mtx,1e-06
706,dlmc/rn50/magnitude_pruning/0.7/bottleneck_projection_block_group_projection_block_group4.mtx,1e-06
707,dlmc/rn50/magnitude_pruning/0.7/bottleneck_1_block_group1_1_1.mtx,1e-06
708,dlmc/rn50/magnitude_pruning/0.7/bottleneck_2_block_group4_2_1.mtx,1e-06
709,dlmc/rn50/magnitude_pruning/0.7/bottleneck_projection_block_group_projection_block_group1.mtx,1e-06
710,dlmc/rn50/magnitude_pruning/0.7/initial_conv.mtx,1e-06
711,dlmc/rn50/magnitude_pruning/0.7/final_dense.mtx,1e-06
712,dlmc/rn50/magnitude_pruning/0.7/bottleneck_2_block_group2_1_1.mtx,1e-06
713,dlmc/rn50/magnitude_pruning/0.7/bottleneck_1_block_group_projection_block_group4.mtx,1e-06
714,dlmc/rn50/magnitude_pruning/0.7/bottleneck_1_block_group2_2_1.mtx,1e-06
715,dlmc/rn50/magnitude_pruning/0.7/bottleneck_3_block_group3_3_1.mtx,1e-06
716,dlmc/rn50/magnitude_pruning/0.7/bottleneck_3_block_group_projection_block_group3.mtx,1e-06
717,dlmc/rn50/magnitude_pruning/0.7/bottleneck_projection_block_group_projection_block_group3.mtx,1e-06
718,dlmc/rn50/magnitude_pruning/0.7/bottleneck_2_block_group2_3_1.mtx,1e-06
719,dlmc/rn50/magnitude_pruning/0.7/bottleneck_1_block_group4_1_1.mtx,1e-06
720,dlmc/rn50/magnitude_pruning/0.7/bottleneck_1_block_group3_3_1.mtx,1e-06
721,dlmc/rn50/magnitude_pruning/0.7/bottleneck_projection_block_group_projection_block_group2.mtx,1e-06
722,dlmc/rn50/magnitude_pruning/0.7/bottleneck_2_block_group_projection_block_group4.mtx,1e-06
723,dlmc/rn50/magnitude_pruning/0.7/bottleneck_3_block_group_projection_block_group4.mtx,1e-06
724,dlmc/rn50/magnitude_pruning/0.7/bottleneck_3_block_group3_4_1.mtx,1e-06
725,dlmc/rn50/magnitude_pruning/0.7/bottleneck_2_block_group4_1_1.mtx,1e-06
726,dlmc/rn50/magnitude_pruning/0.7/bottleneck_3_block_group2_1_1.mtx,1e-06
727,dlmc/rn50/magnitude_pruning/0.7/bottleneck_2_block_group3_2_1.mtx,1e-06
728,dlmc/rn50/magnitude_pruning/0.7/bottleneck_2_block_group1_1_1.mtx,1e-06
729,dlmc/rn50/magnitude_pruning/0.7/bottleneck_1_block_group3_2_1.mtx,1e-06
730,dlmc/rn50/magnitude_pruning/0.7/bottleneck_1_block_group1_2_1.mtx,1e-06
731,dlmc/rn50/magnitude_pruning/0.7/bottleneck_2_block_group3_5_1.mtx,1e-06
732,dlmc/rn50/magnitude_pruning/0.7/bottleneck_3_block_group3_1_1.mtx,1e-06
733,dlmc/rn50/magnitude_pruning/0.7/bottleneck_2_block_group1_2_1.mtx,1e-06
734,dlmc/rn50/magnitude_pruning/0.7/bottleneck_2_block_group2_2_1.mtx,1e-06
735,dlmc/rn50/magnitude_pruning/0.7/bottleneck_2_block_group3_1_1.mtx,1e-06
736,dlmc/rn50/magnitude_pruning/0.7/bottleneck_1_block_group2_1_1.mtx,1e-06
737,dlmc/rn50/magnitude_pruning/0.7/bottleneck_3_block_group1_2_1.mtx,1e-06
738,dlmc/rn50/magnitude_pruning/0.7/bottleneck_1_block_group_projection_block_group2.mtx,1e-06
739,dlmc/rn50/magnitude_pruning/0.7/bottleneck_3_block_group2_2_1.mtx,1e-06
740,dlmc/rn50/magnitude_pruning/0.7/bottleneck_1_block_group3_4_1.mtx,1e-06
741,dlmc/rn50/magnitude_pruning/0.7/bottleneck_3_block_group2_3_1.mtx,1e-06
742,dlmc/rn50/magnitude_pruning/0.7/bottleneck_2_block_group3_4_1.mtx,1e-06
743,dlmc/rn50/magnitude_pruning/0.7/bottleneck_2_block_group_projection_block_group2.mtx,1e-06
744,dlmc/rn50/magnitude_pruning/0.7/bottleneck_1_block_group4_2_1.mtx,1e-06
745,dlmc/rn50/magnitude_pruning/0.7/bottleneck_1_block_group3_1_1.mtx,1e-06
746,dlmc/rn50/magnitude_pruning/0.7/bottleneck_3_block_group3_2_1.mtx,1e-06
747,dlmc/rn50/magnitude_pruning/0.7/bottleneck_1_block_group2_3_1.mtx,1e-06
748,dlmc/rn50/magnitude_pruning/0.7/bottleneck_2_block_group_projection_block_group1.mtx,1e-06
749,dlmc/rn50/magnitude_pruning/0.7/bottleneck_3_block_group1_1_1.mtx,1e-06
750,dlmc/rn50/magnitude_pruning/0.7/bottleneck_3_block_group4_2_1.mtx,1e-06
751,dlmc/rn50/magnitude_pruning/0.7/bottleneck_3_block_group4_1_1.mtx,1e-06
752,dlmc/rn50/magnitude_pruning/0.7/bottleneck_2_block_group_projection_block_group3.mtx,1e-06
753,dlmc/rn50/magnitude_pruning/0.7/bottleneck_3_block_group_projection_block_group1.mtx,1e-06
754,dlmc/rn50/magnitude_pruning/0.7/bottleneck_3_block_group_projection_block_group2.mtx,1e-06
755,dlmc/rn50/magnitude_pruning/0.7/bottleneck_1_block_group3_5_1.mtx,1e-06
756,dlmc/rn50/magnitude_pruning/0.95/bottleneck_3_block_group3_5_1.mtx,1e-06
757,dlmc/rn50/magnitude_pruning/0.95/bottleneck_2_block_group3_3_1.mtx,1e-06
758,dlmc/rn50/magnitude_pruning/0.95/bottleneck_1_block_group_projection_block_group3.mtx,1e-06
759,dlmc/rn50/magnitude_pruning/0.95/bottleneck_1_block_group_projection_block_group1.mtx,1e-06
760,dlmc/rn50/magnitude_pruning/0.95/bottleneck_projection_block_group_projection_block_group4.mtx,1e-06
761,dlmc/rn50/magnitude_pruning/0.95/bottleneck_1_block_group1_1_1.mtx,1e-06
762,dlmc/rn50/magnitude_pruning/0.95/bottleneck_2_block_group4_2_1.mtx,1e-06
763,dlmc/rn50/magnitude_pruning/0.95/bottleneck_projection_block_group_projection_block_group1.mtx,1e-06
764,dlmc/rn50/magnitude_pruning/0.95/initial_conv.mtx,1e-06
765,dlmc/rn50/magnitude_pruning/0.95/final_dense.mtx,1e-06
766,dlmc/rn50/magnitude_pruning/0.95/bottleneck_2_block_group2_1_1.mtx,1e-06
767,dlmc/rn50/magnitude_pruning/0.95/bottleneck_1_block_group_projection_block_group4.mtx,1e-06
768,dlmc/rn50/magnitude_pruning/0.95/bottleneck_1_block_group2_2_1.mtx,1e-06
769,dlmc/rn50/magnitude_pruning/0.95/bottleneck_3_block_group3_3_1.mtx,1e-06
770,dlmc/rn50/magnitude_pruning/0.95/bottleneck_3_block_group_projection_block_group3.mtx,1e-06
771,dlmc/rn50/magnitude_pruning/0.95/bottleneck_projection_block_group_projection_block_group3.mtx,1e-06
772,dlmc/rn50/magnitude_pruning/0.95/bottleneck_2_block_group2_3_1.mtx,1e-06
773,dlmc/rn50/magnitude_pruning/0.95/bottleneck_1_block_group4_1_1.mtx,1e-06
774,dlmc/rn50/magnitude_pruning/0.95/bottleneck_1_block_group3_3_1.mtx,1e-06
775,dlmc/rn50/magnitude_pruning/0.95/bottleneck_projection_block_group_projection_block_group2.mtx,1e-06
776,dlmc/rn50/magnitude_pruning/0.95/bottleneck_2_block_group_projection_block_group4.mtx,1e-06
777,dlmc/rn50/magnitude_pruning/0.95/bottleneck_3_block_group_projection_block_group4.mtx,1e-06
778,dlmc/rn50/magnitude_pruning/0.95/bottleneck_3_block_group3_4_1.mtx,1e-06
779,dlmc/rn50/magnitude_pruning/0.95/bottleneck_2_block_group4_1_1.mtx,1e-06
780,dlmc/rn50/magnitude_pruning/0.95/bottleneck_3_block_group2_1_1.mtx,1e-06
781,dlmc/rn50/magnitude_pruning/0.95/bottleneck_2_block_group3_2_1.mtx,1e-06
782,dlmc/rn50/magnitude_pruning/0.95/bottleneck_2_block_group1_1_1.mtx,1e-06
783,dlmc/rn50/magnitude_pruning/0.95/bottleneck_1_block_group3_2_1.mtx,1e-06
784,dlmc/rn50/magnitude_pruning/0.95/bottleneck_1_block_group1_2_1.mtx,1e-06
785,dlmc/rn50/magnitude_pruning/0.95/bottleneck_2_block_group3_5_1.mtx,1e-06
786,dlmc/rn50/magnitude_pruning/0.95/bottleneck_3_block_group3_1_1.mtx,1e-06
787,dlmc/rn50/magnitude_pruning/0.95/bottleneck_2_block_group1_2_1.mtx,1e-06
788,dlmc/rn50/magnitude_pruning/0.95/bottleneck_2_block_group2_2_1.mtx,1e-06
789,dlmc/rn50/magnitude_pruning/0.95/bottleneck_2_block_group3_1_1.mtx,1e-06
790,dlmc/rn50/magnitude_pruning/0.95/bottleneck_1_block_group2_1_1.mtx,1e-06
791,dlmc/rn50/magnitude_pruning/0.95/bottleneck_3_block_group1_2_1.mtx,1e-06
792,dlmc/rn50/magnitude_pruning/0.95/bottleneck_1_block_group_projection_block_group2.mtx,1e-06
793,dlmc/rn50/magnitude_pruning/0.95/bottleneck_3_block_group2_2_1.mtx,1e-06
794,dlmc/rn50/magnitude_pruning/0.95/bottleneck_1_block_group3_4_1.mtx,1e-06
795,dlmc/rn50/magnitude_pruning/0.95/bottleneck_3_block_group2_3_1.mtx,1e-06
796,dlmc/rn50/magnitude_pruning/0.95/bottleneck_2_block_group3_4_1.mtx,1e-06
797,dlmc/rn50/magnitude_pruning/0.95/bottleneck_2_block_group_projection_block_group2.mtx,1e-06
798,dlmc/rn50/magnitude_pruning/0.95/bottleneck_1_block_group4_2_1.mtx,1e-06
799,dlmc/rn50/magnitude_pruning/0.95/bottleneck_1_block_group3_1_1.mtx,1e-06
800,dlmc/rn50/magnitude_pruning/0.95/bottleneck_3_block_group3_2_1.mtx,1e-06
801,dlmc/rn50/magnitude_pruning/0.95/bottleneck_1_block_group2_3_1.mtx,1e-06
802,dlmc/rn50/magnitude_pruning/0.95/bottleneck_2_block_group_projection_block_group1.mtx,1e-06
803,dlmc/rn50/magnitude_pruning/0.95/bottleneck_3_block_group1_1_1.mtx,1e-06
804,dlmc/rn50/magnitude_pruning/0.95/bottleneck_3_block_group4_2_1.mtx,1e-06
805,dlmc/rn50/magnitude_pruning/0.95/bottleneck_3_block_group4_1_1.mtx,1e-06
806,dlmc/rn50/magnitude_pruning/0.95/bottleneck_2_block_group_projection_block_group3.mtx,1e-06
807,dlmc/rn50/magnitude_pruning/0.95/bottleneck_3_block_group_projection_block_group1.mtx,1e-06
808,dlmc/rn50/magnitude_pruning/0.95/bottleneck_3_block_group_projection_block_group2.mtx,1e-06
809,dlmc/rn50/magnitude_pruning/0.95/bottleneck_1_block_group3_5_1.mtx,1e-06
810,dlmc/rn50/magnitude_pruning/0.5/bottleneck_3_block_group3_5_1.mtx,1e-06
811,dlmc/rn50/magnitude_pruning/0.5/bottleneck_2_block_group3_3_1.mtx,1e-06
812,dlmc/rn50/magnitude_pruning/0.5/bottleneck_1_block_group_projection_block_group3.mtx,1e-06
813,dlmc/rn50/magnitude_pruning/0.5/bottleneck_1_block_group_projection_block_group1.mtx,1e-06
814,dlmc/rn50/magnitude_pruning/0.5/bottleneck_projection_block_group_projection_block_group4.mtx,1e-06
815,dlmc/rn50/magnitude_pruning/0.5/bottleneck_1_block_group1_1_1.mtx,1e-06
816,dlmc/rn50/magnitude_pruning/0.5/bottleneck_2_block_group4_2_1.mtx,1e-06
817,dlmc/rn50/magnitude_pruning/0.5/bottleneck_projection_block_group_projection_block_group1.mtx,1e-06
818,dlmc/rn50/magnitude_pruning/0.5/initial_conv.mtx,1e-06
819,dlmc/rn50/magnitude_pruning/0.5/final_dense.mtx,1e-06
820,dlmc/rn50/magnitude_pruning/0.5/bottleneck_2_block_group2_1_1.mtx,1e-06
821,dlmc/rn50/magnitude_pruning/0.5/bottleneck_1_block_group_projection_block_group4.mtx,1e-06
822,dlmc/rn50/magnitude_pruning/0.5/bottleneck_1_block_group2_2_1.mtx,1e-06
823,dlmc/rn50/magnitude_pruning/0.5/bottleneck_3_block_group3_3_1.mtx,1e-06
824,dlmc/rn50/magnitude_pruning/0.5/bottleneck_3_block_group_projection_block_group3.mtx,1e-06
825,dlmc/rn50/magnitude_pruning/0.5/bottleneck_projection_block_group_projection_block_group3.mtx,1e-06
826,dlmc/rn50/magnitude_pruning/0.5/bottleneck_2_block_group2_3_1.mtx,1e-06
827,dlmc/rn50/magnitude_pruning/0.5/bottleneck_1_block_group4_1_1.mtx,1e-06
828,dlmc/rn50/magnitude_pruning/0.5/bottleneck_1_block_group3_3_1.mtx,1e-06
829,dlmc/rn50/magnitude_pruning/0.5/bottleneck_projection_block_group_projection_block_group2.mtx,1e-06
830,dlmc/rn50/magnitude_pruning/0.5/bottleneck_2_block_group_projection_block_group4.mtx,1e-06
831,dlmc/rn50/magnitude_pruning/0.5/bottleneck_3_block_group_projection_block_group4.mtx,1e-06
832,dlmc/rn50/magnitude_pruning/0.5/bottleneck_3_block_group3_4_1.mtx,1e-06
833,dlmc/rn50/magnitude_pruning/0.5/bottleneck_2_block_group4_1_1.mtx,1e-06
834,dlmc/rn50/magnitude_pruning/0.5/bottleneck_3_block_group2_1_1.mtx,1e-06
835,dlmc/rn50/magnitude_pruning/0.5/bottleneck_2_block_group3_2_1.mtx,1e-06
836,dlmc/rn50/magnitude_pruning/0.5/bottleneck_2_block_group1_1_1.mtx,1e-06
837,dlmc/rn50/magnitude_pruning/0.5/bottleneck_1_block_group3_2_1.mtx,1e-06
838,dlmc/rn50/magnitude_pruning/0.5/bottleneck_1_block_group1_2_1.mtx,1e-06
839,dlmc/rn50/magnitude_pruning/0.5/bottleneck_2_block_group3_5_1.mtx,1e-06
840,dlmc/rn50/magnitude_pruning/0.5/bottleneck_3_block_group3_1_1.mtx,1e-06
841,dlmc/rn50/magnitude_pruning/0.5/bottleneck_2_block_group1_2_1.mtx,1e-06
842,dlmc/rn50/magnitude_pruning/0.5/bottleneck_2_block_group2_2_1.mtx,1e-06
843,dlmc/rn50/magnitude_pruning/0.5/bottleneck_2_block_group3_1_1.mtx,1e-06
844,dlmc/rn50/magnitude_pruning/0.5/bottleneck_1_block_group2_1_1.mtx,1e-06
845,dlmc/rn50/magnitude_pruning/0.5/bottleneck_3_block_group1_2_1.mtx,1e-06
846,dlmc/rn50/magnitude_pruning/0.5/bottleneck_1_block_group_projection_block_group2.mtx,1e-06
847,dlmc/rn50/magnitude_pruning/0.5/bottleneck_3_block_group2_2_1.mtx,1e-06
848,dlmc/rn50/magnitude_pruning/0.5/bottleneck_1_block_group3_4_1.mtx,1e-06
849,dlmc/rn50/magnitude_pruning/0.5/bottleneck_3_block_group2_3_1.mtx,1e-06
850,dlmc/rn50/magnitude_pruning/0.5/bottleneck_2_block_group3_4_1.mtx,1e-06
851,dlmc/rn50/magnitude_pruning/0.5/bottleneck_2_block_group_projection_block_group2.mtx,1e-06
852,dlmc/rn50/magnitude_pruning/0.5/bottleneck_1_block_group4_2_1.mtx,1e-06
853,dlmc/rn50/magnitude_pruning/0.5/bottleneck_1_block_group3_1_1.mtx,1e-06
854,dlmc/rn50/magnitude_pruning/0.5/bottleneck_3_block_group3_2_1.mtx,1e-06
855,dlmc/rn50/magnitude_pruning/0.5/bottleneck_1_block_group2_3_1.mtx,1e-06
856,dlmc/rn50/magnitude_pruning/0.5/bottleneck_2_block_group_projection_block_group1.mtx,1e-06
857,dlmc/rn50/magnitude_pruning/0.5/bottleneck_3_block_group1_1_1.mtx,1e-06
858,dlmc/rn50/magnitude_pruning/0.5/bottleneck_3_block_group4_2_1.mtx,1e-06
859,dlmc/rn50/magnitude_pruning/0.5/bottleneck_3_block_group4_1_1.mtx,1e-06
860,dlmc/rn50/magnitude_pruning/0.5/bottleneck_2_block_group_projection_block_group3.mtx,1e-06
861,dlmc/rn50/magnitude_pruning/0.5/bottleneck_3_block_group_projection_block_group1.mtx,1e-06
862,dlmc/rn50/magnitude_pruning/0.5/bottleneck_3_block_group_projection_block_group2.mtx,1e-06
863,dlmc/rn50/magnitude_pruning/0.5/bottleneck_1_block_group3_5_1.mtx,1e-06
864,dlmc/rn50/magnitude_pruning/0.8/bottleneck_3_block_group3_5_1.mtx,1e-06
865,dlmc/rn50/magnitude_pruning/0.8/bottleneck_2_block_group3_3_1.mtx,1e-06
866,dlmc/rn50/magnitude_pruning/0.8/bottleneck_1_block_group_projection_block_group3.mtx,1e-06
867,dlmc/rn50/magnitude_pruning/0.8/bottleneck_1_block_group_projection_block_group1.mtx,1e-06
868,dlmc/rn50/magnitude_pruning/0.8/bottleneck_projection_block_group_projection_block_group4.mtx,1e-06
869,dlmc/rn50/magnitude_pruning/0.8/bottleneck_1_block_group1_1_1.mtx,1e-06
870,dlmc/rn50/magnitude_pruning/0.8/bottleneck_2_block_group4_2_1.mtx,1e-06
871,dlmc/rn50/magnitude_pruning/0.8/bottleneck_projection_block_group_projection_block_group1.mtx,1e-06
872,dlmc/rn50/magnitude_pruning/0.8/initial_conv.mtx,1e-06
873,dlmc/rn50/magnitude_pruning/0.8/final_dense.mtx,1e-06
874,dlmc/rn50/magnitude_pruning/0.8/bottleneck_2_block_group2_1_1.mtx,1e-06
875,dlmc/rn50/magnitude_pruning/0.8/bottleneck_1_block_group_projection_block_group4.mtx,1e-06
876,dlmc/rn50/magnitude_pruning/0.8/bottleneck_1_block_group2_2_1.mtx,1e-06
877,dlmc/rn50/magnitude_pruning/0.8/bottleneck_3_block_group3_3_1.mtx,1e-06
878,dlmc/rn50/magnitude_pruning/0.8/bottleneck_3_block_group_projection_block_group3.mtx,1e-06
879,dlmc/rn50/magnitude_pruning/0.8/bottleneck_projection_block_group_projection_block_group3.mtx,1e-06
880,dlmc/rn50/magnitude_pruning/0.8/bottleneck_2_block_group2_3_1.mtx,1e-06
881,dlmc/rn50/magnitude_pruning/0.8/bottleneck_1_block_group4_1_1.mtx,1e-06
882,dlmc/rn50/magnitude_pruning/0.8/bottleneck_1_block_group3_3_1.mtx,1e-06
883,dlmc/rn50/magnitude_pruning/0.8/bottleneck_projection_block_group_projection_block_group2.mtx,1e-06
884,dlmc/rn50/magnitude_pruning/0.8/bottleneck_2_block_group_projection_block_group4.mtx,1e-06
885,dlmc/rn50/magnitude_pruning/0.8/bottleneck_3_block_group_projection_block_group4.mtx,1e-06
886,dlmc/rn50/magnitude_pruning/0.8/bottleneck_3_block_group3_4_1.mtx,1e-06
887,dlmc/rn50/magnitude_pruning/0.8/bottleneck_2_block_group4_1_1.mtx,1e-06
888,dlmc/rn50/magnitude_pruning/0.8/bottleneck_3_block_group2_1_1.mtx,1e-06
889,dlmc/rn50/magnitude_pruning/0.8/bottleneck_2_block_group3_2_1.mtx,1e-06
890,dlmc/rn50/magnitude_pruning/0.8/bottleneck_2_block_group1_1_1.mtx,1e-06
891,dlmc/rn50/magnitude_pruning/0.8/bottleneck_1_block_group3_2_1.mtx,1e-06
892,dlmc/rn50/magnitude_pruning/0.8/bottleneck_1_block_group1_2_1.mtx,1e-06
893,dlmc/rn50/magnitude_pruning/0.8/bottleneck_2_block_group3_5_1.mtx,1e-06
894,dlmc/rn50/magnitude_pruning/0.8/bottleneck_3_block_group3_1_1.mtx,1e-06
895,dlmc/rn50/magnitude_pruning/0.8/bottleneck_2_block_group1_2_1.mtx,1e-06
896,dlmc/rn50/magnitude_pruning/0.8/bottleneck_2_block_group2_2_1.mtx,1e-06
897,dlmc/rn50/magnitude_pruning/0.8/bottleneck_2_block_group3_1_1.mtx,1e-06
898,dlmc/rn50/magnitude_pruning/0.8/bottleneck_1_block_group2_1_1.mtx,1e-06
899,dlmc/rn50/magnitude_pruning/0.8/bottleneck_3_block_group1_2_1.mtx,1e-06
900,dlmc/rn50/magnitude_pruning/0.8/bottleneck_1_block_group_projection_block_group2.mtx,1e-06
901,dlmc/rn50/magnitude_pruning/0.8/bottleneck_3_block_group2_2_1.mtx,1e-06
902,dlmc/rn50/magnitude_pruning/0.8/bottleneck_1_block_group3_4_1.mtx,1e-06
903,dlmc/rn50/magnitude_pruning/0.8/bottleneck_3_block_group2_3_1.mtx,1e-06
904,dlmc/rn50/magnitude_pruning/0.8/bottleneck_2_block_group3_4_1.mtx,1e-06
905,dlmc/rn50/magnitude_pruning/0.8/bottleneck_2_block_group_projection_block_group2.mtx,1e-06
906,dlmc/rn50/magnitude_pruning/0.8/bottleneck_1_block_group4_2_1.mtx,1e-06
907,dlmc/rn50/magnitude_pruning/0.8/bottleneck_1_block_group3_1_1.mtx,1e-06
908,dlmc/rn50/magnitude_pruning/0.8/bottleneck_3_block_group3_2_1.mtx,1e-06
909,dlmc/rn50/magnitude_pruning/0.8/bottleneck_1_block_group2_3_1.mtx,1e-06
910,dlmc/rn50/magnitude_pruning/0.8/bottleneck_2_block_group_projection_block_group1.mtx,1e-06
911,dlmc/rn50/magnitude_pruning/0.8/bottleneck_3_block_group1_1_1.mtx,1e-06
912,dlmc/rn50/magnitude_pruning/0.8/bottleneck_3_block_group4_2_1.mtx,1e-06
913,dlmc/rn50/magnitude_pruning/0.8/bottleneck_3_block_group4_1_1.mtx,1e-06
914,dlmc/rn50/magnitude_pruning/0.8/bottleneck_2_block_group_projection_block_group3.mtx,1e-06
915,dlmc/rn50/magnitude_pruning/0.8/bottleneck_3_block_group_projection_block_group1.mtx,1e-06
916,dlmc/rn50/magnitude_pruning/0.8/bottleneck_3_block_group_projection_block_group2.mtx,1e-06
917,dlmc/rn50/magnitude_pruning/0.8/bottleneck_1_block_group3_5_1.mtx,1e-06
918,dlmc/rn50/extended_magnitude_pruning/0.98/bottleneck_3_block_group3_5_1.mtx,1e-06
919,dlmc/rn50/extended_magnitude_pruning/0.98/bottleneck_2_block_group3_3_1.mtx,1e-06
920,dlmc/rn50/extended_magnitude_pruning/0.98/bottleneck_1_block_group_projection_block_group3.mtx,1e-06
921,dlmc/rn50/extended_magnitude_pruning/0.98/bottleneck_1_block_group_projection_block_group1.mtx,1e-06
922,dlmc/rn50/extended_magnitude_pruning/0.98/bottleneck_projection_block_group_projection_block_group4.mtx,1e-06
923,dlmc/rn50/extended_magnitude_pruning/0.98/bottleneck_1_block_group1_1_1.mtx,1e-06
924,dlmc/rn50/extended_magnitude_pruning/0.98/bottleneck_2_block_group4_2_1.mtx,1e-06
925,dlmc/rn50/extended_magnitude_pruning/0.98/bottleneck_projection_block_group_projection_block_group1.mtx,1e-06
926,dlmc/rn50/extended_magnitude_pruning/0.98/final_dense.mtx,1e-06
927,dlmc/rn50/extended_magnitude_pruning/0.98/bottleneck_2_block_group2_1_1.mtx,1e-06
928,dlmc/rn50/extended_magnitude_pruning/0.98/bottleneck_1_block_group_projection_block_group4.mtx,1e-06
929,dlmc/rn50/extended_magnitude_pruning/0.98/bottleneck_1_block_group2_2_1.mtx,1e-06
930,dlmc/rn50/extended_magnitude_pruning/0.98/bottleneck_3_block_group3_3_1.mtx,1e-06
931,dlmc/rn50/extended_magnitude_pruning/0.98/bottleneck_3_block_group_projection_block_group3.mtx,1e-06
932,dlmc/rn50/extended_magnitude_pruning/0.98/bottleneck_projection_block_group_projection_block_group3.mtx,1e-06
933,dlmc/rn50/extended_magnitude_pruning/0.98/bottleneck_2_block_group2_3_1.mtx,1e-06
934,dlmc/rn50/extended_magnitude_pruning/0.98/bottleneck_1_block_group4_1_1.mtx,1e-06
935,dlmc/rn50/extended_magnitude_pruning/0.98/bottleneck_1_block_group3_3_1.mtx,1e-06
936,dlmc/rn50/extended_magnitude_pruning/0.98/bottleneck_projection_block_group_projection_block_group2.mtx,1e-06
937,dlmc/rn50/extended_magnitude_pruning/0.98/bottleneck_2_block_group_projection_block_group4.mtx,1e-06
938,dlmc/rn50/extended_magnitude_pruning/0.98/bottleneck_3_block_group_projection_block_group4.mtx,1e-06
939,dlmc/rn50/extended_magnitude_pruning/0.98/bottleneck_3_block_group3_4_1.mtx,1e-06
940,dlmc/rn50/extended_magnitude_pruning/0.98/bottleneck_2_block_group4_1_1.mtx,1e-06
941,dlmc/rn50/extended_magnitude_pruning/0.98/bottleneck_3_block_group2_1_1.mtx,1e-06
942,dlmc/rn50/extended_magnitude_pruning/0.98/bottleneck_2_block_group3_2_1.mtx,1e-06
943,dlmc/rn50/extended_magnitude_pruning/0.98/bottleneck_2_block_group1_1_1.mtx,1e-06
944,dlmc/rn50/extended_magnitude_pruning/0.98/bottleneck_1_block_group3_2_1.mtx,1e-06
945,dlmc/rn50/extended_magnitude_pruning/0.98/bottleneck_1_block_group1_2_1.mtx,1e-06
946,dlmc/rn50/extended_magnitude_pruning/0.98/bottleneck_2_block_group3_5_1.mtx,1e-06
947,dlmc/rn50/extended_magnitude_pruning/0.98/bottleneck_3_block_group3_1_1.mtx,1e-06
948,dlmc/rn50/extended_magnitude_pruning/0.98/bottleneck_2_block_group1_2_1.mtx,1e-06
949,dlmc/rn50/extended_magnitude_pruning/0.98/bottleneck_2_block_group2_2_1.mtx,1e-06
950,dlmc/rn50/extended_magnitude_pruning/0.98/bottleneck_2_block_group3_1_1.mtx,1e-06
951,dlmc/rn50/extended_magnitude_pruning/0.98/bottleneck_1_block_group2_1_1.mtx,1e-06
952,dlmc/rn50/extended_magnitude_pruning/0.98/bottleneck_3_block_group1_2_1.mtx,1e-06
953,dlmc/rn50/extended_magnitude_pruning/0.98/bottleneck_1_block_group_projection_block_group2.mtx,1e-06
954,dlmc/rn50/extended_magnitude_pruning/0.98/bottleneck_3_block_group2_2_1.mtx,1e-06
955,dlmc/rn50/extended_magnitude_pruning/0.98/bottleneck_1_block_group3_4_1.mtx,1e-06
956,dlmc/rn50/extended_magnitude_pruning/0.98/bottleneck_3_block_group2_3_1.mtx,1e-06
957,dlmc/rn50/extended_magnitude_pruning/0.98/bottleneck_2_block_group3_4_1.mtx,1e-06
958,dlmc/rn50/extended_magnitude_pruning/0.98/bottleneck_2_block_group_projection_block_group2.mtx,1e-06
959,dlmc/rn50/extended_magnitude_pruning/0.98/bottleneck_1_block_group4_2_1.mtx,1e-06
960,dlmc/rn50/extended_magnitude_pruning/0.98/bottleneck_1_block_group3_1_1.mtx,1e-06
961,dlmc/rn50/extended_magnitude_pruning/0.98/bottleneck_3_block_group3_2_1.mtx,1e-06
962,dlmc/rn50/extended_magnitude_pruning/0.98/bottleneck_1_block_group2_3_1.mtx,1e-06
963,dlmc/rn50/extended_magnitude_pruning/0.98/bottleneck_2_block_group_projection_block_group1.mtx,1e-06
964,dlmc/rn50/extended_magnitude_pruning/0.98/bottleneck_3_block_group1_1_1.mtx,1e-06
965,dlmc/rn50/extended_magnitude_pruning/0.98/bottleneck_3_block_group4_2_1.mtx,1e-06
966,dlmc/rn50/extended_magnitude_pruning/0.98/bottleneck_3_block_group4_1_1.mtx,1e-06
967,dlmc/rn50/extended_magnitude_pruning/0.98/bottleneck_2_block_group_projection_block_group3.mtx,1e-06
968,dlmc/rn50/extended_magnitude_pruning/0.98/bottleneck_3_block_group_projection_block_group1.mtx,1e-06
969,dlmc/rn50/extended_magnitude_pruning/0.98/bottleneck_3_block_group_projection_block_group2.mtx,1e-06
970,dlmc/rn50/extended_magnitude_pruning/0.98/bottleneck_1_block_group3_5_1.mtx,1e-06
971,dlmc/rn50/extended_magnitude_pruning/0.96/bottleneck_3_block_group3_5_1.mtx,1e-06
972,dlmc/rn50/extended_magnitude_pruning/0.96/bottleneck_2_block_group3_3_1.mtx,1e-06
973,dlmc/rn50/extended_magnitude_pruning/0.96/bottleneck_1_block_group_projection_block_group3.mtx,1e-06
974,dlmc/rn50/extended_magnitude_pruning/0.96/bottleneck_1_block_group_projection_block_group1.mtx,1e-06
975,dlmc/rn50/extended_magnitude_pruning/0.96/bottleneck_projection_block_group_projection_block_group4.mtx,1e-06
976,dlmc/rn50/extended_magnitude_pruning/0.96/bottleneck_1_block_group1_1_1.mtx,1e-06
977,dlmc/rn50/extended_magnitude_pruning/0.96/bottleneck_2_block_group4_2_1.mtx,1e-06
978,dlmc/rn50/extended_magnitude_pruning/0.96/bottleneck_projection_block_group_projection_block_group1.mtx,1e-06
979,dlmc/rn50/extended_magnitude_pruning/0.96/final_dense.mtx,1e-06
980,dlmc/rn50/extended_magnitude_pruning/0.96/bottleneck_2_block_group2_1_1.mtx,1e-06
981,dlmc/rn50/extended_magnitude_pruning/0.96/bottleneck_1_block_group_projection_block_group4.mtx,1e-06
982,dlmc/rn50/extended_magnitude_pruning/0.96/bottleneck_1_block_group2_2_1.mtx,1e-06
983,dlmc/rn50/extended_magnitude_pruning/0.96/bottleneck_3_block_group3_3_1.mtx,1e-06
984,dlmc/rn50/extended_magnitude_pruning/0.96/bottleneck_3_block_group_projection_block_group3.mtx,1e-06
985,dlmc/rn50/extended_magnitude_pruning/0.96/bottleneck_projection_block_group_projection_block_group3.mtx,1e-06
986,dlmc/rn50/extended_magnitude_pruning/0.96/bottleneck_2_block_group2_3_1.mtx,1e-06
987,dlmc/rn50/extended_magnitude_pruning/0.96/bottleneck_1_block_group4_1_1.mtx,1e-06
988,dlmc/rn50/extended_magnitude_pruning/0.96/bottleneck_1_block_group3_3_1.mtx,1e-06
989,dlmc/rn50/extended_magnitude_pruning/0.96/bottleneck_projection_block_group_projection_block_group2.mtx,1e-06
990,dlmc/rn50/extended_magnitude_pruning/0.96/bottleneck_2_block_group_projection_block_group4.mtx,1e-06
991,dlmc/rn50/extended_magnitude_pruning/0.96/bottleneck_3_block_group_projection_block_group4.mtx,1e-06
992,dlmc/rn50/extended_magnitude_pruning/0.96/bottleneck_3_block_group3_4_1.mtx,1e-06
993,dlmc/rn50/extended_magnitude_pruning/0.96/bottleneck_2_block_group4_1_1.mtx,1e-06
994,dlmc/rn50/extended_magnitude_pruning/0.96/bottleneck_3_block_group2_1_1.mtx,1e-06
995,dlmc/rn50/extended_magnitude_pruning/0.96/bottleneck_2_block_group3_2_1.mtx,1e-06
996,dlmc/rn50/extended_magnitude_pruning/0.96/bottleneck_2_block_group1_1_1.mtx,1e-06
997,dlmc/rn50/extended_magnitude_pruning/0.96/bottleneck_1_block_group3_2_1.mtx,1e-06
998,dlmc/rn50/extended_magnitude_pruning/0.96/bottleneck_1_block_group1_2_1.mtx,1e-06
999,dlmc/rn50/extended_magnitude_pruning/0.96/bottleneck_2_block_group3_5_1.mtx,1e-06
1000,dlmc/rn50/extended_magnitude_pruning/0.96/bottleneck_3_block_group3_1_1.mtx,1e-06
1001,dlmc/rn50/extended_magnitude_pruning/0.96/bottleneck_2_block_group1_2_1.mtx,1e-06
1002,dlmc/rn50/extended_magnitude_pruning/0.96/bottleneck_2_block_group2_2_1.mtx,1e-06
1003,dlmc/rn50/extended_magnitude_pruning/0.96/bottleneck_2_block_group3_1_1.mtx,1e-06
1004,dlmc/rn50/extended_magnitude_pruning/0.96/bottleneck_1_block_group2_1_1.mtx,1e-06
1005,dlmc/rn50/extended_magnitude_pruning/0.96/bottleneck_3_block_group1_2_1.mtx,1e-06
1006,dlmc/rn50/extended_magnitude_pruning/0.96/bottleneck_1_block_group_projection_block_group2.mtx,1e-06
1007,dlmc/rn50/extended_magnitude_pruning/0.96/bottleneck_3_block_group2_2_1.mtx,1e-06
1008,dlmc/rn50/extended_magnitude_pruning/0.96/bottleneck_1_block_group3_4_1.mtx,1e-06
1009,dlmc/rn50/extended_magnitude_pruning/0.96/bottleneck_3_block_group2_3_1.mtx,1e-06
1010,dlmc/rn50/extended_magnitude_pruning/0.96/bottleneck_2_block_group3_4_1.mtx,1e-06
1011,dlmc/rn50/extended_magnitude_pruning/0.96/bottleneck_2_block_group_projection_block_group2.mtx,1e-06
1012,dlmc/rn50/extended_magnitude_pruning/0.96/bottleneck_1_block_group4_2_1.mtx,1e-06
1013,dlmc/rn50/extended_magnitude_pruning/0.96/bottleneck_1_block_group3_1_1.mtx,1e-06
1014,dlmc/rn50/extended_magnitude_pruning/0.96/bottleneck_3_block_group3_2_1.mtx,1e-06
1015,dlmc/rn50/extended_magnitude_pruning/0.96/bottleneck_1_block_group2_3_1.mtx,1e-06
1016,dlmc/rn50/extended_magnitude_pruning/0.96/bottleneck_2_block_group_projection_block_group1.mtx,1e-06
1017,dlmc/rn50/extended_magnitude_pruning/0.96/bottleneck_3_block_group1_1_1.mtx,1e-06
1018,dlmc/rn50/extended_magnitude_pruning/0.96/bottleneck_3_block_group4_2_1.mtx,1e-06
1019,dlmc/rn50/extended_magnitude_pruning/0.96/bottleneck_3_block_group4_1_1.mtx,1e-06
1020,dlmc/rn50/extended_magnitude_pruning/0.96/bottleneck_2_block_group_projection_block_group3.mtx,1e-06
1021,dlmc/rn50/extended_magnitude_pruning/0.96/bottleneck_3_block_group_projection_block_group1.mtx,1e-06
1022,dlmc/rn50/extended_magnitude_pruning/0.96/bottleneck_3_block_group_projection_block_group2.mtx,1e-06
1023,dlmc/rn50/extended_magnitude_pruning/0.96/bottleneck_1_block_group3_5_1.mtx,1e-06
1024,dlmc/rn50/extended_magnitude_pruning/0.91/bottleneck_3_block_group3_5_1.mtx,1e-06
1025,dlmc/rn50/extended_magnitude_pruning/0.91/bottleneck_2_block_group3_3_1.mtx,1e-06
1026,dlmc/rn50/extended_magnitude_pruning/0.91/bottleneck_1_block_group_projection_block_group3.mtx,1e-06
1027,dlmc/rn50/extended_magnitude_pruning/0.91/bottleneck_1_block_group_projection_block_group1.mtx,1e-06
1028,dlmc/rn50/extended_magnitude_pruning/0.91/bottleneck_projection_block_group_projection_block_group4.mtx,1e-06
1029,dlmc/rn50/extended_magnitude_pruning/0.91/bottleneck_1_block_group1_1_1.mtx,1e-06
1030,dlmc/rn50/extended_magnitude_pruning/0.91/bottleneck_2_block_group4_2_1.mtx,1e-06
1031,dlmc/rn50/extended_magnitude_pruning/0.91/bottleneck_projection_block_group_projection_block_group1.mtx,1e-06
1032,dlmc/rn50/extended_magnitude_pruning/0.91/final_dense.mtx,1e-06
1033,dlmc/rn50/extended_magnitude_pruning/0.91/bottleneck_2_block_group2_1_1.mtx,1e-06
1034,dlmc/rn50/extended_magnitude_pruning/0.91/bottleneck_1_block_group_projection_block_group4.mtx,1e-06
1035,dlmc/rn50/extended_magnitude_pruning/0.91/bottleneck_1_block_group2_2_1.mtx,1e-06
1036,dlmc/rn50/extended_magnitude_pruning/0.91/bottleneck_3_block_group3_3_1.mtx,1e-06
1037,dlmc/rn50/extended_magnitude_pruning/0.91/bottleneck_3_block_group_projection_block_group3.mtx,1e-06
1038,dlmc/rn50/extended_magnitude_pruning/0.91/bottleneck_projection_block_group_projection_block_group3.mtx,1e-06
1039,dlmc/rn50/extended_magnitude_pruning/0.91/bottleneck_2_block_group2_3_1.mtx,1e-06
1040,dlmc/rn50/extended_magnitude_pruning/0.91/bottleneck_1_block_group4_1_1.mtx,1e-06
1041,dlmc/rn50/extended_magnitude_pruning/0.91/bottleneck_1_block_group3_3_1.mtx,1e-06
1042,dlmc/rn50/extended_magnitude_pruning/0.91/bottleneck_projection_block_group_projection_block_group2.mtx,1e-06
1043,dlmc/rn50/extended_magnitude_pruning/0.91/bottleneck_2_block_group_projection_block_group4.mtx,1e-06
1044,dlmc/rn50/extended_magnitude_pruning/0.91/bottleneck_3_block_group_projection_block_group4.mtx,1e-06
1045,dlmc/rn50/extended_magnitude_pruning/0.91/bottleneck_3_block_group3_4_1.mtx,1e-06
1046,dlmc/rn50/extended_magnitude_pruning/0.91/bottleneck_2_block_group4_1_1.mtx,1e-06
1047,dlmc/rn50/extended_magnitude_pruning/0.91/bottleneck_3_block_group2_1_1.mtx,1e-06
1048,dlmc/rn50/extended_magnitude_pruning/0.91/bottleneck_2_block_group3_2_1.mtx,1e-06
1049,dlmc/rn50/extended_magnitude_pruning/0.91/bottleneck_2_block_group1_1_1.mtx,1e-06
1050,dlmc/rn50/extended_magnitude_pruning/0.91/bottleneck_1_block_group3_2_1.mtx,1e-06
1051,dlmc/rn50/extended_magnitude_pruning/0.91/bottleneck_1_block_group1_2_1.mtx,1e-06
1052,dlmc/rn50/extended_magnitude_pruning/0.91/bottleneck_2_block_group3_5_1.mtx,1e-06
1053,dlmc/rn50/extended_magnitude_pruning/0.91/bottleneck_3_block_group3_1_1.mtx,1e-06
1054,dlmc/rn50/extended_magnitude_pruning/0.91/bottleneck_2_block_group1_2_1.mtx,1e-06
1055,dlmc/rn50/extended_magnitude_pruning/0.91/bottleneck_2_block_group2_2_1.mtx,1e-06
1056,dlmc/rn50/extended_magnitude_pruning/0.91/bottleneck_2_block_group3_1_1.mtx,1e-06
1057,dlmc/rn50/extended_magnitude_pruning/0.91/bottleneck_1_block_group2_1_1.mtx,1e-06
1058,dlmc/rn50/extended_magnitude_pruning/0.91/bottleneck_3_block_group1_2_1.mtx,1e-06
1059,dlmc/rn50/extended_magnitude_pruning/0.91/bottleneck_1_block_group_projection_block_group2.mtx,1e-06
1060,dlmc/rn50/extended_magnitude_pruning/0.91/bottleneck_3_block_group2_2_1.mtx,1e-06
1061,dlmc/rn50/extended_magnitude_pruning/0.91/bottleneck_1_block_group3_4_1.mtx,1e-06
1062,dlmc/rn50/extended_magnitude_pruning/0.91/bottleneck_3_block_group2_3_1.mtx,1e-06
1063,dlmc/rn50/extended_magnitude_pruning/0.91/bottleneck_2_block_group3_4_1.mtx,1e-06
1064,dlmc/rn50/extended_magnitude_pruning/0.91/bottleneck_2_block_group_projection_block_group2.mtx,1e-06
1065,dlmc/rn50/extended_magnitude_pruning/0.91/bottleneck_1_block_group4_2_1.mtx,1e-06
1066,dlmc/rn50/extended_magnitude_pruning/0.91/bottleneck_1_block_group3_1_1.mtx,1e-06
1067,dlmc/rn50/extended_magnitude_pruning/0.91/bottleneck_3_block_group3_2_1.mtx,1e-06
1068,dlmc/rn50/extended_magnitude_pruning/0.91/bottleneck_1_block_group2_3_1.mtx,1e-06
1069,dlmc/rn50/extended_magnitude_pruning/0.91/bottleneck_2_block_group_projection_block_group1.mtx,1e-06
1070,dlmc/rn50/extended_magnitude_pruning/0.91/bottleneck_3_block_group1_1_1.mtx,1e-06
1071,dlmc/rn50/extended_magnitude_pruning/0.91/bottleneck_3_block_group4_2_1.mtx,1e-06
1072,dlmc/rn50/extended_magnitude_pruning/0.91/bottleneck_3_block_group4_1_1.mtx,1e-06
1073,dlmc/rn50/extended_magnitude_pruning/0.91/bottleneck_2_block_group_projection_block_group3.mtx,1e-06
1074,dlmc/rn50/extended_magnitude_pruning/0.91/bottleneck_3_block_group_projection_block_group1.mtx,1e-06
1075,dlmc/rn50/extended_magnitude_pruning/0.91/bottleneck_3_block_group_projection_block_group2.mtx,1e-06
1076,dlmc/rn50/extended_magnitude_pruning/0.91/bottleneck_1_block_group3_5_1.mtx,1e-06
1077,dlmc/rn50/extended_magnitude_pruning/0.8/bottleneck_3_block_group3_5_1.mtx,1e-06
1078,dlmc/rn50/extended_magnitude_pruning/0.8/bottleneck_2_block_group3_3_1.mtx,1e-06
1079,dlmc/rn50/extended_magnitude_pruning/0.8/bottleneck_1_block_group_projection_block_group3.mtx,1e-06
1080,dlmc/rn50/extended_magnitude_pruning/0.8/bottleneck_1_block_group_projection_block_group1.mtx,1e-06
1081,dlmc/rn50/extended_magnitude_pruning/0.8/bottleneck_projection_block_group_projection_block_group4.mtx,1e-06
1082,dlmc/rn50/extended_magnitude_pruning/0.8/bottleneck_1_block_group1_1_1.mtx,1e-06
1083,dlmc/rn50/extended_magnitude_pruning/0.8/bottleneck_2_block_group4_2_1.mtx,1e-06
1084,dlmc/rn50/extended_magnitude_pruning/0.8/bottleneck_projection_block_group_projection_block_group1.mtx,1e-06
1085,dlmc/rn50/extended_magnitude_pruning/0.8/final_dense.mtx,1e-06
1086,dlmc/rn50/extended_magnitude_pruning/0.8/bottleneck_2_block_group2_1_1.mtx,1e-06
1087,dlmc/rn50/extended_magnitude_pruning/0.8/bottleneck_1_block_group_projection_block_group4.mtx,1e-06
1088,dlmc/rn50/extended_magnitude_pruning/0.8/bottleneck_1_block_group2_2_1.mtx,1e-06
1089,dlmc/rn50/extended_magnitude_pruning/0.8/bottleneck_3_block_group3_3_1.mtx,1e-06
1090,dlmc/rn50/extended_magnitude_pruning/0.8/bottleneck_3_block_group_projection_block_group3.mtx,1e-06
1091,dlmc/rn50/extended_magnitude_pruning/0.8/bottleneck_projection_block_group_projection_block_group3.mtx,1e-06
1092,dlmc/rn50/extended_magnitude_pruning/0.8/bottleneck_2_block_group2_3_1.mtx,1e-06
1093,dlmc/rn50/extended_magnitude_pruning/0.8/bottleneck_1_block_group4_1_1.mtx,1e-06
1094,dlmc/rn50/extended_magnitude_pruning/0.8/bottleneck_1_block_group3_3_1.mtx,1e-06
1095,dlmc/rn50/extended_magnitude_pruning/0.8/bottleneck_projection_block_group_projection_block_group2.mtx,1e-06
1096,dlmc/rn50/extended_magnitude_pruning/0.8/bottleneck_2_block_group_projection_block_group4.mtx,1e-06
1097,dlmc/rn50/extended_magnitude_pruning/0.8/bottleneck_3_block_group_projection_block_group4.mtx,1e-06
1098,dlmc/rn50/extended_magnitude_pruning/0.8/bottleneck_3_block_group3_4_1.mtx,1e-06
1099,dlmc/rn50/extended_magnitude_pruning/0.8/bottleneck_2_block_group4_1_1.mtx,1e-06
1100,dlmc/rn50/extended_magnitude_pruning/0.8/bottleneck_3_block_group2_1_1.mtx,1e-06
1101,dlmc/rn50/extended_magnitude_pruning/0.8/bottleneck_2_block_group3_2_1.mtx,1e-06
1102,dlmc/rn50/extended_magnitude_pruning/0.8/bottleneck_2_block_group1_1_1.mtx,1e-06
1103,dlmc/rn50/extended_magnitude_pruning/0.8/bottleneck_1_block_group3_2_1.mtx,1e-06
1104,dlmc/rn50/extended_magnitude_pruning/0.8/bottleneck_1_block_group1_2_1.mtx,1e-06
1105,dlmc/rn50/extended_magnitude_pruning/0.8/bottleneck_2_block_group3_5_1.mtx,1e-06
1106,dlmc/rn50/extended_magnitude_pruning/0.8/bottleneck_3_block_group3_1_1.mtx,1e-06
1107,dlmc/rn50/extended_magnitude_pruning/0.8/bottleneck_2_block_group1_2_1.mtx,1e-06
1108,dlmc/rn50/extended_magnitude_pruning/0.8/bottleneck_2_block_group2_2_1.mtx,1e-06
1109,dlmc/rn50/extended_magnitude_pruning/0.8/bottleneck_2_block_group3_1_1.mtx,1e-06
1110,dlmc/rn50/extended_magnitude_pruning/0.8/bottleneck_1_block_group2_1_1.mtx,1e-06
1111,dlmc/rn50/extended_magnitude_pruning/0.8/bottleneck_3_block_group1_2_1.mtx,1e-06
1112,dlmc/rn50/extended_magnitude_pruning/0.8/bottleneck_1_block_group_projection_block_group2.mtx,1e-06
1113,dlmc/rn50/extended_magnitude_pruning/0.8/bottleneck_3_block_group2_2_1.mtx,1e-06
1114,dlmc/rn50/extended_magnitude_pruning/0.8/bottleneck_1_block_group3_4_1.mtx,1e-06
1115,dlmc/rn50/extended_magnitude_pruning/0.8/bottleneck_3_block_group2_3_1.mtx,1e-06
1116,dlmc/rn50/extended_magnitude_pruning/0.8/bottleneck_2_block_group3_4_1.mtx,1e-06
1117,dlmc/rn50/extended_magnitude_pruning/0.8/bottleneck_2_block_group_projection_block_group2.mtx,1e-06
1118,dlmc/rn50/extended_magnitude_pruning/0.8/bottleneck_1_block_group4_2_1.mtx,1e-06
1119,dlmc/rn50/extended_magnitude_pruning/0.8/bottleneck_1_block_group3_1_1.mtx,1e-06
1120,dlmc/rn50/extended_magnitude_pruning/0.8/bottleneck_3_block_group3_2_1.mtx,1e-06
1121,dlmc/rn50/extended_magnitude_pruning/0.8/bottleneck_1_block_group2_3_1.mtx,1e-06
1122,dlmc/rn50/extended_magnitude_pruning/0.8/bottleneck_2_block_group_projection_block_group1.mtx,1e-06
1123,dlmc/rn50/extended_magnitude_pruning/0.8/bottleneck_3_block_group1_1_1.mtx,1e-06
1124,dlmc/rn50/extended_magnitude_pruning/0.8/bottleneck_3_block_group4_2_1.mtx,1e-06
1125,dlmc/rn50/extended_magnitude_pruning/0.8/bottleneck_3_block_group4_1_1.mtx,1e-06
1126,dlmc/rn50/extended_magnitude_pruning/0.8/bottleneck_2_block_group_projection_block_group3.mtx,1e-06
1127,dlmc/rn50/extended_magnitude_pruning/0.8/bottleneck_3_block_group_projection_block_group1.mtx,1e-06
1128,dlmc/rn50/extended_magnitude_pruning/0.8/bottleneck_3_block_group_projection_block_group2.mtx,1e-06
1129,dlmc/rn50/extended_magnitude_pruning/0.8/bottleneck_1_block_group3_5_1.mtx,1e-06
